Baklese,English,Filipino,Where did the Baklese come from?
Ace Sanchez,top guy,,
achuchuchuchoo,"multi-purpose word with many meanings depending on the context; e.g. ""Sistrax, fly tayo to Malate para manghagip ng menchaz and achuchuchuchoo.""",,seems onomatopoeiaic; substitution for etc.
adequate,using illegal drugs,gumagamit ng ilegal na droga,"sounds like ""addict"""
adiktus,addicted to drugs,sugapa sa droga,
agag,silly,gaga,
Aglipay,ugly kept boy of a foreigner (ugly Pinoy),,reference to a Philippine historical figure
Aida Borda,AIDS,AIDS,there's an element of personification here
Aida Gonzales,AIDS,AIDS,
aiko,I don't like,,contraction of the word ayoko
Aiza Seguerra,icing,icing sa cake,sounds like 
"aketch, aketching",me,,"ako (me)+etch --etch, from  the word etchos =kaaarte-han?  also see itech"
"akembang, akella",me,,
akira meimei,me,,
alafer,no money,,blending of wala pera; substitution of [p] with [f]
alahey,jewelry,,the original word is alahas which is altered to sound more 'gay'
Alana Alegre,alone,,sounds like a movie star's name
Aleli,bodyguard,,original word is alalay
Aling Biyaning,lesbian,tomboy,"Ale is the word for ""miss""  byan is an abbreviation of lesbian, ""ing"" is a suffix to add to a name of a middle aged woman, i.e ""Aling Jasming"" Beatriz becomes ""Aling Bating"", they also call lesbians just ""Biyaning"" "
Aling Melring,taxi meter,,I think this should be Aling Metring so that it sounds like meter
alitaptap,top guy,,"alitaptap is firefly.. has the word ""top"" in it.. the substitution here comes in a form of a polysyllabic Filipino term which makes the baklese sound elaborate; there is an intentional playfulness going on here"
antibiotic,obnoxious,,derived from the term 'anti' who in Filipino parlance is negative all the time
Alma Moreno,hemorrhoid,almoranas,Alma Moreno is a popular actress in the Philippines
Amang,yes,oo,Amang sounds like amo which means 'yes' in other Philippine languages; Amang literally means father
ames,yes,oo,"From the word amo plus suffix -es  --or could it be proximity to ""Amen"""
Amoxicillin,yes,oo,antibiotic that contains the word amo (yes)
Amsterdam,yes,oo,capital of Netherlands that contains 'ams' which is a contraction of amo (yes)
anaconda,traitor,ahas,snake; the Filipino term ahas (snake) is used to refer to traitors; a biblical allusion
anchuwanga,ugly,,
andaki,money,salapi,
Andres Bonifacio,herpes,buni,national hero; Bonifacio contains the sounds buni
"anensing, an etch",what,,blending of ano and suffixes -ensing and -etch
anes,what,ano,blending of ano and suffix -es
Angat Pinoy,stupid,tanga,reverse of the filipino term tanga; Angat Pinoy is the name of the medium term Philippine development plan during the Estrada administration
Angelica Panganiban,square faced gay,baklang kuwadrado ang mukha,"a popular Filipino actress; ""Panga"" is the Filipino word for jaw"
Angelita,body odor,may anghit o putok,a Filipino Christian name; Angelita contains the sounds of anghit (body odor)
anik-anik,whatever,,"comes from ""ano-ano"""
aning,crazy,baliw,
anistesia,what,ano,
Anita Linda,"old lady, old gay",,a Filipino actress known for her grandma roles
anjanelle,Coming!,Nandiyan na!,blending of andyan (a contraction of nandiyan) and suffix -elle
anjugels,money,pera,
anjus,money,salapi,
Antokyo Japan,sleepy,inaantok,Combination of antok (sleepy) and Tokyo
anu fa ni Ruffa?,What do you expect?,"O, di ano pa?",word play 
anxia,anxious,praning,
any monument--any monument now,any moment,,proximity to the word
Apolinario Mabini,crippled; paralytic,pilay,a national hero known as The Sublime Paralytic
Ar-ar Herrera,acting fussy,nag-iinarte,a Filipino childstar; AR-AR-comes from the word arte
Aretha Franklin,crazy,baliw,
Armida Siguion Reyna,military,,"A popular Filipino actor, producer; former chair of the Movies and Television Review and Classification Board"
armiger,security guard,,
ashumera,presumptuous,,"assume + era--suffix for doer, agent"
Assumptionista,assuming,mapag-assume,"a student of Assumption college, an exclusive school for girls"
ataluk,attack; assault?,gulpi,
atashi,me,," Watashi is ""I"" in Japanese. Perhaps Japanese, via ""entertainment girls"" who go to Japan?"
atch,money,,
Ate Maricel,Galis tablet,,"Not sure, but Galis tablets are for itches, and Maricel Soriano's first big role was in a movie called Manchichiritchit. Maybe related?"
Ate Shawie,methamphetamine,shabu,"nickname of sharon cuneta  sounds like ""Sha"" "
Ate Vangie,Ativan tablet,,
Ate Vi,Viagra tablet,,vilma santos --popular actress' nickname is ate vi
atehan,two gay men hooking up,,sounds like Ativan? a drug? 
Ateneo,alta theater,,
aura,emote,,new age parlor talk.. 
avalour,crazy,baliw,
avats,Let's go!,Tayo na!,
award,hit,,
award-giving body,hitter,,
award-winning,,napagalitan,am not sure about the meaning in Filipino (napagalitan = getting scolded)
babajee,protruding chin,,
backstreet boy,the cute guy at your back,,
backstroke,maul,,
baclug,gay,,
badessa,gay who acts like a princess,bading,bading + princessa
badet,gay,,
badiday,gay,,"from ""Inday Badiday"" gossip personality "
badingerszie,gay,,"rhymes with Machingerze, a famous japanese robot anime "
baduchi,gay,bading,
bagelya,bag,,"elya is a common suffix to make things sound gay, see ""bubelya""  "
baget,why,bakit,sounds like
bahey,long,mahaba,
Bakahan at Manukan,"It's a place where gays can have casual public oral sex, usually with strangers.. (possibly in CCP complex?)",cow farm and chicken farm,"bakahan is cow farm its where you suck dick, its because it's like milking cow, manukan is because you peck at one another"
"balaj, balajay",icky,,
balay,home,bahay,cognate from ilonggo
balde,angry,galit,
Banaue,rice,kanin,banaue rice terraces-famous philippine site
bangi,,ban gag,
bangkatars,maid,katulong,katars-katulong shortened
Barbara Waldas,big spender,Waldas- reckless spending,
Barclay,Baclaran,,"shortening the word, making it sound fancier by  associating with MNC"
barda,"bad trip, awful",,
basket,penis,ari ng lalaki,From basketball?
batis,bath house,stream,making it sound more natural
Bavarian,goodbye,babay,"from filipino ""babay"", bavarian flavored donuts are sold at dunkin donuts"
bayangbang,masturbation,,
bayawak,bisexual,,"from the sound ""bi"" could also mean they are voracious"
bayek,masturbate,,
"bayis, bayasbas",masturbation,,
Bayombong Nueva Viscaya,masturbation,,
Bea Alonzo,alone ,Wag kang maingay...,"famous actress name with the word ""alone""  usage, ""wag kang maingay, nagbebea-alon(e)-zo ako.."" Alone time, "
beauty card,brownie points,pogi point,"bec gays are famously believed to all work in parlors, this plays on that"
bebang,househelp,,sounds like a dated ethnic name
Becky,gay,,clipping from bekimon? and Anglicized?
Becky Liway,dawn,bukang liwayway,short for filipino word
beh y,,"Bisaya ng B.Y. , o guwapo",
beklaruch,gay,mataray,
Bemadet,bad trip,,
bengka,,Sssh ...,
Bernadene,irate,,
"berru, beras",beer,,
bet,like,,
Beth Loggins,balls,betlog ,filipino word for balls + Kenny Loggins (famous folk singer) 
Bethlehem,balls,,
biancacheng,beautiful,maganda,
bigalore,big,,
bila-bilo,"gay man who has undergone ""enhancement""",,
bilangga,,bill,
bilat,girl,vagina,they are calling girls cunt 
Bill Clinton,bill (e.g. the bill in a restaurant),,
billabong,,pambayad,
Billie Joe Crawford,fellatio,BJ for blow job,Filipino-American recording artist (derived from his initials)
bingka,,Tumahimik ka ...,
bio,handsome,,
bionic,masturbation,,
Bitter Ocampo,bitter,,Artista Diether Ocampo (known for being guwapo and conceited)
biyondila,,kandila,
blanca,handsome,guwapo,
blue,lesbo,,from blue and pink preference
bobaysung,dimwit,,
bobella,dumb/boobs,"boobs, suso",bobo and the Filipino word for bulb --bumbilya
Bobita Peron,nitwit,,"evita peron +bobo + ita (small girl) , bobito --small boy, though less frequent "
boga,,yosi,"Maybe because ""buga"" is to blow/exhale in Tagalog?"
bokot,afraid,,
bolaret,gay,,
bolash,fat and effeminate,,
Bolivia,pubic hair,bulbol,From the Tagalog word
bologsing,,matulog,
Bolshevik,scrotum,,
bombilita,,engot,
bombilya,,tanga,
bon tot,fart,utot,"play on ""bon mot"", blend with ""utot""; but also, ""buntot"" is tail"
bona,anal fuck,,
bonak,lesbian,tomboy,
Bonamil,,pa-botlom,
Bonamine,bottom,,
bongkang,,i-bottom,
Boni Avenue,,buni,
Bonita Rose,,batang baklang pa-bottom,"donita rose, the actress"
boogie wonderland,hitting,,
booking,hooking up,,Internet speak for making an appointment
boom boom dynamite,underarm odor,,
boots,lesbo,,"sounds like ""butch"""
bopbop,soft drink,,
borbz,,lesbiyana,
borlogan,sleep,,
bortawan,big body,,
bosand,P 1000,,
botomesa,anal receptive / bottom,,
Botswana,boots,,from african country
bowich,fat closeted gay,,
boya bulka,,baklang kalbo,
boyband,chubby boy,,
brifany,briefs,,
brodar,brother (sibling who is a boy),kapatid na lalaki,sounds like
bubang,,suso,
bubbles,,salita nang sa lila,
bubog,,babae,
Buddha,a woman who is fond of sex (?),babaeng mahilig sa sex,
budjae,budget,,
bufro/bufra,boyfriend,,
"bugaret, bugaretle, bugarou",cigarette,,
buitchiwa,,dumi,
bukel,tricycle,,
bukelya,red-faced,,
bulag make-up,beautiful only at night,,
bulalo,straight-acting gay,,"also paminta  or pepper --""pa-men"" acting like a man"
bulate,,silahis,
bumburembei,,"taghiyawat na naging tao,  pimple galore",
bungabong,nitwit,,
buraot,irate,,
burkloget,,baklang bagets na di pa umaamin,
burklograng,,baklang matanda na di pa umaamin,
burklug,,baklang di pa umaamin,
burlog,,tulog,
buros,fornication,,
butchoy,lesbian,,"baby butch,  "
buwa,,daldal nang daldal,
byorkit,,bakit,
byutiki-tiki,beautiful,,tiki-tiki is a drug for deworming 
Cabalen,cab,,famous resto 
Cadillac,walk,,making things sound classier
Cairo Egypt,,Tara na!,
"Cal Carrie/ or just ""Carry""",Can you? ,,"Carry is word for ""Can""; possible, bearable"
Caladryl,sexually hyperactive,makati,"Caladryl is to soothe an itch, one is ""itchy"" or makati if one is horny all the time"
Caladryl lotion,cease to be horny,,
Canada,Coronet Theater,,
Cancel,,no,
Candice Ceron,sex,,
Canni Martin,karma,,
cappuccino,,maging realistic,
Caridad Sanchez,oldster,,
Carmen Ronda,"roam, cruise",,name of personality 
Carrie Bradshaw,Can you?,,"or simply ""Carry"" but with  sex and thecity reference"
Carrie Underwood,,bagay,"also just a variation of ""carry"""
Cash & Carry,okay,okey,name of famous department store in phils before
Catherine Zeta Jones,libidinous,,
Cathy Dennis,horny,makati,"all refering to ""Kati"" to be horny, to itch"
Cathy Mora,horny,makati,
Cathy Santillan,libidinous,makati,
Caviteilo effect,gay mistress,,
Chabilita,chubby,,"sounds like -""ita"" is suffix for little (girl) ""ito"" for boy"
"Chaka, Chaka Khan",ugly,,
championship,,huling araw ng lamay,
Chanda Romero,beer belly,,from famous actress in the past
chandelier,,matanda,
chaps,ugly,,
chapter 1 to 10 (depende sa rate mo),,kapangitan,
"Char, Charing",joke; sic,,
charantia,,mapait,
charbroiled,,hindi okey,
charingola,liar,,
Charity Solis,,baklang charitable,
Charles,joke,,
Charlot,joke,,
Chat Silayan,bisexual,,
cheese,,tsismis,
"cheese, Cheese Macs",gossip,,
chemistry,joke,,
Chenie Lin,"multi-purpose word with many meanings depending on the context; e.g. ""Shofatid, ashumera ang ex mo ang isplok megatrophy jowa mo raw sha Chenie Lin.""",,
chepar,eat,,
chimbostar,libidinous,,
"chimi, chimini, chiminie-ah, chimini-aa",housemaid,,
Chin Chin tabiru,,subo,
China Cojuangco,,mamahalin,
chinenes,,maid,
Chiqui Pineda,ugly,,A Filipina singer/ theater actress
Chiquito,diminutive,,
chokz,okay,okey,
choli,,lasing,
cholipov,,nakainom,
chopopo,cute,,
Chorizo de Bilbao,big penis,,
chox,,okey,
Chuck Norris,ugly,,
Chuckie Dreyfuss,ugly,,
chuk-chak-tienes,"multi-purposc word with many meanings depending on the context; e.g. ""Sight mo ang Georgia Tech, friendiva, chukchak-tienes ang Felix Bakat!""",,
chukua,resembling lice,,
chupit,blowjob-with-haircut deal,chupa with gupit,blending of chupa (blow job) and gupit (haircut)
Churchill,"high class, elite",sosyal,former British prime minister
Cindy Kurleto,ask for a light,pasindi,Filipino-Swiss actress/model
Circuit QC,Quezon Memorial Circle,,
CK,,certified karerista,
Claudine Barreto,,sabong bareta,Filipino actress
Coco Martin,,kuko,Filipino actor
Coffeemate,,magising sa katotohanan,brand of instant coffee
Comball,,"komi, hindi nakatatawa",
compared to lugaw,,keysa wala,
Cookie Monster,cook,magluto,"cook+ y monster, famous cartoon icon"
coolabahs,,ang official sport ng mga bakla ... volleyball!,
Corazon,,korek,
Cory,stingy,kuripot,"name of philippine president, short for kuripot, this is a Filipino slang, not necessarily limited to backlese "
cover girl,front girlfriend of a closeted gay,,cover for undercover
Crayola Khomeini,cry,,elaboration of cry 
Crayolang de color,,nag-iyak-iyakan,
crema de nola,cum,,
cricket,,katulong,
Cristy Fermin,,men na super serbis pera rnukhang palakang may sistomasis,gossip talk show host of old 
cucoo,handsome,,"ornamental ""cute"" "
cuticle,cute,,"ornamental ""cute"" "
Cynthia,Who is he/she?,Sino siya?,sound like
Cynthia Luster,,Sino sha?,
dabal,,"nakaiinis, nakasisingkit ng mata sa pagka-irita",
Dairy Creme,choosy,,
Daisy Farm,"PWU, a place to pick up teenaged boys (Disi-farm, ""disisiyete, disiotso…)",,"disi- Filipino word for teens; gays refer to sex places as farms, see bakahan"
Dakila Funashie,big,malaki as in MALAK!!,
Dakilang lahi mala-Stabilo,,"malaking ari ng lalaki, mapapa-WOW ka!",stabilo is a pentel pen
"dakilang lahi, daks",big penis,,
Dakota Harizon Plaza,well-hung,,
Danita Madridanix,gay criminal,baklang kriminal,
daot,negative person,,
Darna,"shabu high (""Ding, ang bato!"")",,"darna is wonder woman of philippines, she flies "
Dax Alvarado,,malaki,
De La Salle,Dilson Theater,,
deadlak,,walang ulirat 0 kamalayan,
Debbie Gibsung,give,,"star from 80s, from the word give"
dedmarologist,snob,,"dedma- is dead malice, to view with non chalance"
delight,sexually attractive,,
Delilah,lesbo,,"from popular view that women/transgender male to female ""take away strength"""
delish,delicious,,
deteklay,here,,
dienkklachu ka lang,stay put,,
difficult,poor,mahirap,"English for ""mahirap"""
dilemma,dark,madilim,
dilimgenic,,g'wapo lang sa dilim,
dingalore,bevy of gay men,,
dingalurette,young gay,,
diningga,gay acting like a straight,,
diteching,here,," etch-common suffix, see etchos"
ditenji,here,,
ditikla,,dito,
ditrax,here,,
diyosa,,maganda,
Dokito Prito,sex,,
Donna Cruz,,"ulan as in ""Rain gently falls whenever we say goodbye ... """,name of old pop star
doonchie,there,,
draga,ugly gay man in drag,,
Dramamine,guy hoping for a future with a gay partner,drama men,"sounds like ""drama"" with a man and a drug (""bonamine"") for dizzyness"
drivams,driver,,ams --common to add in end of words to make it sound gay
drop,swallow a party pill,,
drops,pus excretion,tulo,
duder,,buhok,
duduki,guy,lalaki,sounds like
Dudung,attractive Visayan guy,,"dodong is like joe"" for the visayas"
duty free,"peewee, small dick",,
dyugug,buffed guy,,jugular
dyugug-aray,subjected to hetero violence,,
dyugulelette,lanky gym-goer,,
dyugulet,gym-fit guy,,
dyuts,marijuana joint,,"joint --jooots, shortening the word"
echusa,,taong nagbubuhal ng sariling bangko,"echos --is frills, echo-sa (add sa to make into a person) somebody that has too much frills"
echusera,not to be taken seriously,,see above
ecla-ers,gay,,
ecla-voo,gay,,"for me, it means, ""something, something"" "
eclipse,sleep,,
efab,,g'wapo,
effect,cutie,,
egai,balls,,
eh vakiet,,baht,
eklep,sleep,,
eklipanya,,matulog,
Ella Fitzgerald,horny,,
Ella Luansing,horny,,
Ella Mac Saison,horny,,
Elsa Klensch,,"ma ""L"" (hindi lambing, lokah!)",
em-yas,makeup,,
Emena Gushung,flirty ex-seminarian,,
Emma Thompson,emote,,
Ernani,,dumumi (ew!),
erva,,mahirap,
escape,go unnoticed,,
Eva Kalaw,excrement,,
evol,anal sex,,
exhaust fan,airhead,,
fafa,man,,
feeling 2008,,feeling g'wapo,
feelingera,narcissistic,,
fefah,good-looking man,magandang lalaki,
Felix Bakat,suggestive bulge outline,bakat,
fellatioist,,"mahilig ""sumubo""",
Feng Shui,,baklang lntsik,
fiampey,penis,,
fifty thousand dollars,,50 pesos,
fillada,like,,
fillet,feel,,
five-aray-aray,P500,,
flat shoes na  may takong,yes,,
flavoom,,alis,
flavoomvovoom,,alis bilis,
flower,,"tanga, engot",
fly,go,,
forty-eight years,very late,,
forty-eight years,,matagal,
Francia,,baliw,
Friday,,"imbiyerna, inis, asar",
"FUBU, FB",fuck buddy,,
fudash,,pagkain,
fudra,dad,,
Fukien,pussy,,
funda,foundations,,
funda fatale,heavily made-up,,
galema,traitor,,
Galileo Galilei,person with a skin disease,galisin,
gamayra,,maliit (as in mala-noodles!),
"ganda lang, GL",free,,
Gandara Park,,magandang babae,
ganders,pretty,,
gandola,,ganda,
garden angel,,cute na guard (Mah-boo-hey ang may batutah!),
"gardenia, gardini",security guard,,
Gayon Bicolandia,You are pretty!,Ang ganda mo!,
gel,girl,,
Gemma Cruz,defecate,,
Georgia Tech,security guard,,
geri,,alis,
gibras,gay bar,,
gigi-era,,atribida,
Gina Alajar,,gin. alak,
girafeeeee!,,mahirap na parang si Insiang,
Girlie Rodis,effeminate,,
Givenchy,give,,
glady man,,ako rin,
gobil,,nakakainis,
going bulilit,Come on.,Tara na.,
golakchek,,Go na!,
gondola,,ganda,
gora,Let's go!,,
gora agora,Let's go!,,
Granada de Espana,shocking,grabe,
grand finals,last day of the wake,huling araw ng lamay,
gravity,shocking,grabe,
grilla in Manila,lesbians fighting,mga tomboy na nag-aaway,"After ""Thrilla in Manila"", famous fight between Ali and Frazier"
gulay,girl,,
gungag,,inagaw,
gwash,good-looking,,
Hagedorn,haggard,,common last name
hair spa,methamphetamine,shabu,
hajimite,first time,,
haku,P 100 pesos,,
Halle Berry,Hollywood Theater,,
Halls,suck,,
ham,,dadaaning pera,
hammer,expensive call boy,pokpok,
hanashi,,di to totoo,
harvei,suck,,
Harvey,"score, hook-up",,
Havana,long-faced,,
havella,,meron,
havemos fafam,committed to a boyfriend,,
havs,,meron,
Hawaii,P50,,
Hawschina,house,,
hekya,sex,,
hi yah-hi yah,,baklang mukhang kabayo,
hip hop hooray,hepatitis,,
"hipon, hiponessa",guy with a good body but an ugly face,,
hit and run,,"takas, eskapo",
hom bash,,lalaki,
Honda,,matanda,
ibera,,sabihin,
idush,,H'wag!,
ikawchi,,ikaw,
iklay,slight,,
ilang watts,,rnahirap umintindi,
im-vey,irritated,,
imbudo,irate,,
incri-mhin,,"sobrang payat, matamlay at mukhang saki tin",
Inday G.,,mahirap,
Indiana Jones,stood up,,
inlavavoh,in love,,"lababo is sink, has the word ""lab"" or love, gays change b to v, vice versa"
insect,insecure,,
Irma de la Cruz,,dumumi,
isang bundok,P 1000,,
isang kalye,P 100,,
isda,,mga jologs na bagets na sumasama sa matatandang bakla,boys as things you catch 
iskwaling,squatter,,
iskwaterric,,iskwater,
istariray,star,,
itashiwa,,ito,
itembang,this,,
itey,,ito,
itich-me-how,penis,,
itis,,ito,
jaboom,,ejaculation,
"Jackilou Blanco, Jackie O",jack off,,O- orgasm
Jackson,,kalandian,
jaguar,security guard,,
James Yap,significantly younger partner,,from kris acquinos relationship
jamingera,free loader,,
Janice de Belen,spoiled,,"belen is unmoving mother mary statue, "
Janjalani,frequent latecomer,,
Janno Gibbs,give,,famous singer
Jason Pamintuan,straight-acting gay,,
jelpack,cell phone,,
jerbaks,,shet na malagkhet,
Jessica Soho,,mabaho,soho sounds like baho
jeverly,excrete,,
jhipamy,jeep,,
jima,,lima,
jimba-ers,,simbahan,
jingerbells,to finger,,"jinger, finger sounds like, jingle belss"
jinit ever,very hot,,
jirilation,,irita,
jiririt,,irita,
jisa,,isa,
jitlog,,"itlog ('Yung p'wedeng i-prito, i-scramble, o i-Iaga, hindi 'yung gusto mong pulbusan.)",
Joana,flat chested,"ang dyoga, wala na",
Joana Paras,wife,,
Joana Paras,,asawa,
Jobelle Salvador,flabby sides like breasts,dyoga sa bilibil,
Jobertina Sucaldoon-sucaldito,,baklang madalas matagpuan sa mga hadahan o pasyalan,
Jodi Sta. Maria,,sinungaling,
Joey Alben,go home,,
jokejokejoke,,baklang laging nagsasabing virgin pa at di pa nabo-bottom,
Jollibee,dirty breasts,dyogang malibag,
jologinding,,mga batang baklangjologs,
jombag,assault,,"filipino slang, not necessarily backlese, to hurt, to slam"
jombon,,ambon,
jompalin,slap,,Jo in general is used as a prefix to make things sound gay
jontasahe,jeepney fare,,
jontot,copulate,,
jopek,fake ,dyogang fake,pek-fake
Jordan,,g'wapo,
Joseph,to lick/suck the breasts,dyogang sinipsip,"joga=breasts, sipsip, filipino word to suck, put together"
josok,,pasok,replaced with j
jota,young,,
"jowa, jo-aw-aw",boyfriend,,
joyong,,payong,
JR,gay,,
jubdila,young gay,,
judi,,hindi,
Juding Gerzi,gay,,
juela,,uwi,
jugjog,,nagpareloke,
juking,booking,,
julakis,man,,
Julanis Morisette,to ram,,
julataers,,halata,
"Julie Andrews, Julie Vega, Julie Yap Daza, Jolina",caught red-handed,huli,Huli replaced with J  is juli
Julie's,police,pulis,
Juliet,small breasts,dyogang mahit,
julis,police,,
Julisima,police,pulis,
Juliza,police,pulis,
jumasung,transportation fare,,
jumbagella,,bugbog,
Jun Luzada,,talunan,
junanis,,an-an,
junjun,young gay,,
jupang-pang,ugly,,
jurangga,fuck,,
Jutingting Cojuangco,,maliit,
"juts,jutellea,julay",small click,,
Juz koh,My God!,,
Kabilya Marie Fuderanan,,traydor,
Kabog!,Bravo!,,
kafez,look-alike,,
kahiwara,poverty stricken,,
Kairo,Lets go!,,
kalpeypey,to clap,,
Kalrina Kahalili,mistress,,
kamenchi,,kami,
kangkang,fornicate,,
kanibal,cannibal ,baklang effem na pumapatol sa kapwa effem (All together now ... EW!),butch femme logic dominates male-female homosexual rels
kanik,,magkano,
kaniklalang,,magkano,
kaniklay,,magkano,
kanikuya,,"Magkano, kuya?",
kape,wake up to reality,,
kape,,magising sa katotohanan,
kape,,sinusuyong lalaki,
kariret,,"kotse, auto",
kariteli,,car,
Kat Kat de Castro,social climber,,
Katagalugan,"slow, late",,
Kate Gomez,libidinous,,
Katkat,social climber,,
katokling,thief,,
katol,looks like a housemaid,(mukhang kutulong),
Katrilla,horny,,
katuray,gay who looks like a housemaid,,
Katy de la Cruz,promiscuous,,
kawaii,cute,,japan
kayru,go,,
"kebs, keber, keberacci",I don't care!,,
Keempee de Leon,"skimpy, tight",,
"Keivinator, Kelvina",fatty,,
kekiru,boyfriend material,,
Keminese,I don't care!,,
kers,,keri,
ketai,cell phone,,
KFC,Manila Film Center,,
kheme,joke,,
Kimberly Diaz,to fornicate,,
Kimbo Real,fornicate,,
king,,rampa,
Kingkong Barbie,"buffed, good-looking gay",,
kinizar,flawless,,
"kipay, keps",vagina,,
kiri,,kaibigan,
Kit Tatad,massage,,
kiyawtipon,flooded,,
klaboom,,bakla,
klaboomboom!,,baklang-bakla,
koala,,baliw,
Kobe,,mataba,
"koflang, kops",suck,,
korakding,,tama,
Korina Sanchez,stingy,,
kovmay,,mataba,
krang-krang,hungry,,
Kris Aquino,,"lalaking may ""tulo""",
kro-hal,expensive,,
krohbash,volleyball,,
krolawa,,dalawa,
krompu,,sampu,
krung-krung,"insane, nuts",,cring cring is filipino slang for crazy  imitating sound of the phone
krungkelz,,baliw,
kudu,car,,
Kuh Ledesma,,may putok,
kukuruku,,balot,
kumpipi,,ikumpisal,
kuram chowder,right,,
kuratz,correct,,
kyawtee,smellly,,
kyawti,,mabaho,
Kyla,okay,,
kyoaslra,,paa,"kyo is the newer ""jo"" just a prefix to make things sound gay"
kyohmp!,,baho,
kyoho,smells bad,,
kyolating pangwakas,,ari ng babae,
kyolibash,volleyball,,
kyombers,lesbian,tomboy,
kyomboy,lesbian,,
Kyomboy Abunda,lesbian,tomboy,famous talk show host boy abunda
Kyonggi,lesbian,tomboy,
kyonim,,anim,
kyopat,,apat,
kyorai,bitch,,
kyota,boylet,,
kyotatalet,infant,,
L2L,lips to lips,,
"lafang, lafu, lafez",eat,,
Laila Dee,just lying there,,
Lala Aunor,dumb,,
Lala Lalu,,lesbianang adik sa kepay,
Lampel Cojuangco,bisexual,,
lanak,,bading,
lapel,,malakas ang bases,
lapez,,"kain, lamon",
lapokstra,,kumain na parang isang pahinante,
lapz,eat,,
laysho,,sosyal,
Legarda,legs,,
Leila Hermoza (hindi Kristine),,lalaking nakahiga lang habang ka-sex,
leririt,,baliw,
Leticia Ramos Shahani,shabu,,
liberty,,libre,
ligwak,eliminated,,
ligwak,,tala,
Lilet,young gay,,
limpomaniac,sexually-eager-but-soft-dick man,,"blending of ""nympomaniac"" and ""limp"""
liptolelax,kiss on the lips,,
liquido,lick,,
Lisa Macuja,,magnanakaw,
lishie,delicious,,
Loren Legarda,legs,,flourish for leg
Lorna Tolentino,lips to lips,,actress w big lips
lost in emotion,,nawala,
lost sa top ten,defeated,,
Lotlot and friends,lost,,
lovey,anal sex,,
Luchi Cruz Valdez,,"pera, salapi, k'warta",
Lucila Lalu,lost,,
Lucila Soriano,"sorry loser (lost na, sorry pa)",,
lucky home partner,,ka-live in,
Lucresia Kasilag,crazy,,
Lulu Tan Gan,lesbo,,
lulugkuko,,kukulog,
lulukuyki,,kikidlat,
lumapang,,kumain,
lumapingping,,kumain,
Luz Clarita,lose,natalo,"Luz + last name ""luz"" how some visaya filipinos pronounce lose, gays substitute z with s"
Luz Clarita Ocampo,lose,talo,
Luz Valdez,lost,,
Lydia de Vega,Run!,,name of filipino runner who won olympics in the past
ma,I don't know.,,
ma-shon-da,old,,
mabondi,flamboyant,,
Madam Shuli,,malalino,
Madame Auring,anal sex enthusiast,,"ring -rimming? ; famous filipino icon, fortune teller"
maduk,mother,,
madya,,mayaman,
mael,libidinous,,
magasmayti aug blotu,hard-headed,,
magic,lesbian,,
magka Nick Ocampo,,magkano,
magkanetch,how much,,
Magna Carta,thief,,
Magna Cum Laude,,magnanakaw,
Mahalia Mendez,expensive,,
mahogany,foul smell,,"sounds like ""baho"" "
mahogmas,,mabaho,
mahomas,,mabaho,
maida,maid,,
Maita Gonzales,,"bisexual kunwari, pero tumatapon naman ang baywang sa pagkembot",
"Majal del Mundo, Taj Majal",expensive,,
Majerap Estrada,,masang mahirap,
makwaoti,smelly,,
makyoho,smelly,,
makyonekels,How much?,,
Malaybalay Bukidnon,how would i know?,malay ko?,"from the old slang ""ma at pa"" malay ko at pakialam ko (what do i know and what do i care?)"
Malaysia at Pakistan,I don't know and I don't care a hoot,,variation of above
Malaysia India Japan,,Malay ko sa 'yo?!,
Malou Barry,I don't know.,,
mamita,mother,,
mang keks,,mang-Ialaki,
Manny Pacquiao,to buy all,mamakyaw,
manyorap,delicious,,
"marce, Mars, marenggay",girl friend,mare,"short for mare, flourish"
marina,,ulam na isda,
Martha,,pera,
Martha Stewart,money,,
Mary Anne Murphy,,machong mayan-an,
Mary Ong,,nakatanga,
mascula-doll,muscular straight-acting gay,,"masculado is muscular, word play"
masculady,buff and effeminate,,
mashonic,old,,
mashubang aktres,fatty,,
mashumera,smelly,,
"matod, matus, matusera",thief,,
Matt Ranillo,wet and muddy,,
maw,model,,
maw-maw-an,model wannabe,,
mawarla,to freak out,,"warla is ""war"", to make trouble, to cause a scene and fight intensely"
may bulsa sa balat,,magnanakaw,
maya,bisexual,,
Maybeline,,baklang ayaw pa-buking pero halata naman,
mayda fatale,,masipag na katulong,
McArthur,to return,,Refernce to General MacArthur's famous quote
mecca,Meycauayan,,
medyas na green,,di totoo,
menchas,man,,
"menthol, mentopas",man,,florish
merienda,makeup,,
"mering, meriam",customer,,
merlat. melat,girl,,
mermaid,housemaid,,
mimay,housemaid,,
mimik,gay,bakla,
"min, mhinchi, mhincuicolitis",man,,
mineli,"flip-flops, sandals",tsinelas,
minmeyla,mirror,salamin,
Minola Cooking Oil,man,,
Miriam Quiambao,to trip,,
misit,little,maliit,
mismo,right,,
modchai,semen,,
Monica Herrera,drink,inom,
montokey,,inaantok,
"moods, also ""mudra""",mother,,
moolalah,nitwit,,
moon crystal power,beautiful only at night,,
morality,cheap,,
Morayta,cheap,,
motility,,motorsiklo,
Mr. Clean,,baklang nagmamalinis,laundry soap
MRT,"affected, pretentious",maarte,"public transport, word play"
Ms. Bahamas,flood,baha,reference to world pageant
Ms. Lux,good luck,,
mudra,mother,,
mudrakels,mother,,
muhad,,mahadera,
mujal,mom,nanay,
mujer,girl,,spain
mukla,gay,bading,
muklafang,,baklang patay-gutom,
Mulan,rain,,
mumukels,ghost,"mumu, multo",kels common suffix to make things sound gay
murat,girl,,
murenggay,cheap,,
Muriah Carey,inexpensive,mura,
muryot,wallow,,
musella,muscle,,
mutra belle,mother,,
my toes,,magnakaw,
Myrna Diones,,mahilig magbintang,
mystica,to part ways and seek another hook-up,,
Nadia Khomenie,,super serbis na bakla (Talented?!),
"nagmama-gee, nagmimi, nagmimiganders",making oneself pretty,,
nagmamaalat,bitter,,
nagmamaasim,bitter,,
nakakalurky,shocking,,
nakatching,,lakad,
nalerke,swindled,,
namanchi,to agree without hesitation,,
nande dayo,Wassup?,,
narcisa,a nurse,,
nash aguas,,tubig,
nelatch,,"lalaking ""nagpapaligaya"" sa bakla",
nenok,to steal,,
neuro,mind-boggling,,
nga,,luka-luka,
nga-oy,,sira-ulo,
nganga,,'yung conteslanl sa pageant na di makasagol sa Q and A,short for tangga 
ngaosh,,baliw,
ngarag tinola,exhausted,,
ngaub,,baliw,
Ninang Martha Stewart,,k'warta,
ninyonyobe,,sinasabi,
noakis,,kain,
noki,,kain,
noknok,,kain,
nomo-nomo,to drink,,
nomoan,drinking station,,
Nonoy Zuniga,,tuli na,
Nora,,yosi,
Nora Daza,to cook,,
noseline,I know.,,sounds like vaseline
nostra,,alam,
nota republic,place with lots of notes or flutes ,lugar kung saan maraming lalaki,
"nota, notei, notes, notrils","penis, literal translation of nota is notes ",,nota from flute that you blow to make notes
notarians,,grupo ng mga lalaking malaki ang kalawan,
nouschi,,alam,
Nunca Te,,mabaho,
Nunca Te Olvidare (the Mexican soap opera),,di kaayaayangamoy,
Nungca,,mabaho,
nutring,,titi,
nyo-e,crap,tae,"see ""kyo"" and ""jo"", nyo is a new prefix to make things sound gay"
nyo-rek,correct,corek,
nyohal,pricey,mahal,
Nyompaloma Picasso,,sampalin,
nyorpit,hairdresser,,
nyorts,shorts,,
nyostises,,pustiso,
nyot,Really?,,
nyotert,,pito,
nyulbulayners,pubic hair,bulbol,
O Party,orgy party,,
oblation,nude sexy guy,,Reference to the statue in front of the University of the Philippines 
ochosera,liar,,
oday,,nood,
ohm,man,,
oishi,shabu,,
okad,,malaki,
okama,,bading,
okler,,bakla,
okravez,"to anger, aggravate",,
"okray-noun (okrayin is the verb), olay",to criticize,,okra is a philippine vegetable 
one ham,P 100,,
one ham with cheese,P 150,,
one hammer,P 100,,
one kiyaw,"P 1,000",,
one X,P 10,,
one-hundred fifty leaves notebook,,malabang ari,
one-ow-ow,P 100,,
ongan,,bakit,
Oprah,,utang,"pera is money, sounds like"
Oprah Winfrey,promise,,
orlok,,praning,
ostrich,,mayaman,flourish for word rich
otoko,guy,,
otsena,,bakla,
otso-otso,two bottom guys hooking up,,
oyotar,,bakla,
oyoticles,,bakla,
pa,I don't care.,,
pa-essence,let me taste (patikim),,
pa-gas,payment,,
pa-J.T.,lend me money (pa-jutang),,
pa-pampam,,papansin 0 nagpapapansin,
pa-pay,,mga lalaking nagpapabayad,
padear,father,,
paduk,father,,
pagoda,tired,,reference to floats used in pageants in provinces
pakimbo,bottom guy,,
palakola,,pokpok na bading,"palaka is a frog, someone with legs open all the time"
paluvey,,nagpapa-botlom,
pamadyak,transportation fare,,
pamasu,fare,,
"pamhin, paminta, pamenthol",discreet gay,,"pa-men, trying to be a man ""pa"" means to do"
pang-rampa,trophy bf,,
pang!,,tama,
Panggalatok,,baklang kuwadrado ang pagmumukha,refrence to ethnic dance
pantot,,mahilig umeksena,
pantotero,,eksenadora,
papable,handsome boyfriend material,,"papa is the root word, someone who you want to make your papa"
papable menchus,hot guys,,
paparazzi,boyfriend material,,
Papaya Medel,big-breasted woman,,
paslak,fornicate,,
"paslak, peslak",face,,
pasok!,,aprub,"filipino slang, not really just backlese"
patayin sa sindak si Barbara,,pangil,
Patis Tesoro,lesbian,tomboy,"reference to clothes designer, tesoro"
patutot,,sapatos,
pauros,bottom guy,,
pay pay,,pera,
pay-sung,pay,,
Payalollah Khomeini,"slim, lanky",,
payola,pay,,
pearly shells,,naka-posas,
pedia,young,,
Pekinese,,peke,
Peking Duck,,nag-aastang mayarnan na lntsik,
pengkay,pancake makeup,,
peninsula,penis,,
Pepita Pelgone,,di mapagkakatiwalaan,
Perla Bautista,,appear nang appear nang wala naman sa eksena,
peslak,face,,
petchay,female,,vegetable
petlak,,gupitan,
Phil Collins,my type,feel ko,
Philcoa,I like,,place in QC
Philip Morris,my type,,
Pilar Pilapil,,pilay,actress
pinaga ang nguso mo na hindi matahi-tahi,yes,,
Pinatubo,,yosi,smoking volcano
Ping Lacson,yes,,
ping peping pang pung,yes,,
Pingping litson,yes,,
Pining Garcia,to finger,,
pink,gay,,
pintikunon,,baklang di pa-buking,
Pitila Corrales,insistent,,
PK,quick lay,pampalipas kati,
plang,yes,,
plangak,correct,,
plangana,yes,,
planganitang basong basag,yes,,
plangas,yes,,
plangganang asul na may crack,,okey,
planjoo,right,,
plasma,yes,,
plunging neckline with raflles and beads,yes,,
PNR,tolerable,puwede na rin,
Pocahontas,late,,
Pocahontas,late,pokpok,
pogum,,upo,
poise and bearing,,mag-shabu,
pokels,one peso,,
pokershells,,pokpok,
pompyang,,sampal,
pongkang,fornicate,,
Poorita Alonzo,"poor, broke",,
Popo Lontok,to poo,,
potato queen,White man-loving Oriental,,
potentialities,,rnga cute na lalaki,
pranella,schizo,,
prelenciosa,,mapagpanggap,
premprem,,baliw,
pringles,"to finger, also schizophrenic",,
protecha,,mapagkunwari,
"psychological, psycholo",insane,,
pudang,father,,
puet-ara,rear-end,,
pujai,,latay,
puk,peso,,
pukella,"pussy, vagina",,
pukresia,"pussy, vagina",,
pumbaks,,baklang mataba (Hakuna matatah ... ),
purcza,poor,,
Pureta Malaviga,poor,,
Purita Cabauatan,poor,,
putanggra,bitch,,
puzlajongjong,,baklang ilusyonada,
pyukersya,,malandi,
quemesbar,,expression lang,
queri,"able, can do, could be",,
qutamos,cute,,
Rampa Barclay,,"mga baklang naglalakad, lalo na sa paghahanap ng lalaki",
raw-raw,too much (grabe),,
ray-da-loo,raid,,
rectum erratum,top guy gone bottom,,
regi,regular size,,
reglatic,cranky,,
rele,,relevance,
rendezvous,Run!,,
Reyna Elena,rain,,
Rez Cortez,to rest,,
Rica Peralejo,rich,,
ricaboo,rich,,
rice queen,Asian-loving White man,,
Richard Bonin,,kanin,
richeles,rich,,
Rita Gomez,irate,,
Rita Magdalena,irate,,
Rosa Rosalsal,,baklang mahilig rnagmasturbate,
ruler,biggie dlckie,,
run-to-you,Run!,,
rundaboo,,tumakbo,
rybalo,,ari ng babae,
ryber,,ari ng babae,
Sally Quizon,to join an orgy,,
Samantha Lopez,opportunist,,
Sandra Chavez,sun,,
sangkatutch,a lot,,
Santo Tomas,,gutom,
Santolan Station,,nakabakat na harapan ng lalaki,
sarapchina,delicious,,
sawsawan ng Asya,,jowa ng marami,
Say Alonzo,say,,
seda,,marami,
shabels,,shabu,
shala,sophisticated,sosyal,
shala,,sosyal,
Shamodes Maturan,cum,,
shamodstra,,tamod,
shawarma,,sawa na,sounds like
shebang,,walang pakialam,
Sherwin Gatchalian,,panalo,
Sheryl Cruz,share,,
"shi-tuk, shukab",taxi,,
shiken,mine,,
shinelay,slippers,,
sho-go mess,to hide,,
shodo,,tatlo,"sho prefix like jo, nyo and kyo-to make things sound gay"
shofa,,maganda,
shogay,shot,,
shokot,afraid,,
sholbam,male prostitute,,
shombabels,,mataba,
shomoms,,tamod,
shonga,half-witted,tanga,sho plus tanga
shopatembang,brother or sister,,
shoto matte kudasai,available later,,
shu tang ina mes,,mura,
shubey,,huwag mag-ingay,
shudi,,H'wag!,
"shudi pa olark, shudi paolark",,huwag ipahalata,
shukang,,bading,
shulubi,beggar,,
"shumod, shumodity",cum,,
shupoz na,,Tapos na ...,
Shurcly Fuentes,sure,,"sounds like, shirley fuentes is an old actress"
shutanginamey,,mura,
shutay tomi,,patay gutom,
Si Rowena,unsuccessful cruise (zero),,zero 
sibak,male sex worker,,
siele pecados,gossip monger,,
sighlzunga,to look,,
sightsung,to see,,
silanchi,,sila,
silantro,,silahis,
"silay, silay lay",bisexual,,
sinechewa,,sino,
sinembang,who,,
singaler,,kumanta,
sinigang,a fat closeted gay,,
sinistra,,sino,
sinitchiwa,Who!,,
sisteratchi,sister,,
Skuala Lumpur,squaller,,
sleepitita,sleep,,
Slovak,,medyo tatanga-tanga (medyo lang ...),
Slovak Republic,,pagtitipon ng mga tanga,
Slovakia,,bobo,
slumbook,to interrogate.,,
smack that,,sampalin,
Smelanie Marquez,smelly,,"beautiful iconic actress, "
Smellallia Marquez,I can tell.,,
soken,,ako,
sola,,aso,
Sophia Loren,limp dick,,
sosyalayser tikaporyus,,sosyal na mahirap,
sot-sot,later,,
Soxie Topacio,taxi,,
splitera,split,,
spluk,to speak,,
sprite mellow yellow,lesbian,,
Stabilo,thick and misshapen penis,,
standard,oldster,,
strungga,to steal,,
"suba, subarou",cigarette,,
Subaru,,yosi,suba- to suck
subhey,,yosi,
success story,ugly local who hooked up with a rich foreigner,,
sudems,never,,
sukaw,,ikaw,
Sunshine Cruz,sunrise,,actress
"supermarket, market",my type,,
supultorero,,supot,
Sushmita Sen,Ohmigod!,,"from sus me, ""Jesus me,"" sushmita sen is a beauty queen"
syamert,,siyam,
syungakers,dimwit,,
Syuta ka!,You're a bitch!,,
tabia,,babaeng mabaho,
tabios,,lalaking mabaho,
taho,,tamod,
tahong,girl,,"seafood, like oysters"
takai,expensive,,
takicardiac,,masyadong mahal,
takshesh,taxi cab,,
tallada,ostentatious gay,,
tamalis,lazy,,
tamalis,,tamad,
tanderbolt lightning,senior citizen,,
tapella,lype,,
tapioka,top guy,,"flourish, ""top"""
tapya,,masarap,
tarush,great,,
taruz!,Attagirl!,,
tasa,,bata,
tayelz,us,,
tayembangchi,us,,
tayeytayey,,tayo,
tayiz,,tayo,
teacheraka,teacher,,
teevee babe,tubercular,,
tegi,,patay,
tellga,loan,,
tellytubbies,late,,
tentacles,P 10,,"ten, flourish"
tenten,,bilin,
Teri Aunor,,baliw,relative of nora aunor?
Tet Antiquiera,antique,,
tetetet,lesbian,,
Thom Felicia,my type,,
"thunder, thundercat, thullderella, thundervolts",oldster,,
tibash,lesboa,,"from tibo, slang for lesbian"
tibun,,komi,
Tiburcia,lesbian,,
tic tac,,"k'wento, tsismis",
tiis ganda,bear it to be beautiful,sakripisyo para gumanda,
tikapo,,pobre,
Tillie Moreno,to scream,,
TIMY,ugly to the max,Tang-inang mukha 'yan!,
tipiz,my type,,
Tippie Calzada,my type,,
Tita Gandeur,,ganda,
Tiya Nena,tummy,tian,flourish
toba galore,,Ewan ko.,
toda patoda,,mga tricycle driver na cute (at pahada),toda is public transportation route or time for driving 
Tom Jones,hungry,gutom,
tomi,,gutom,
tongril,lesbo,,
torvah,party pill,,
Touchstone Picture,Touch this.,,film outfit
toyi,sex,,
toys,sex,,
trapikelya,traffic,,
tribal,,matalino,
Trixie,tricycle,,
tsinelas,,Instik,
tuklaers,gay,,
tumba patis,lesbian,tomboy,
Tung Dynasty,lesbian couple,tomboy ilang,utung or utong is nipples --tung is short for this
Tung grill,lesbian,tomboy,
tuseran,thief,,
tutay,prolific bottom guy,,
Tweety de Leon,"tweetums, small dick",,actress 
two X,P 20,,
ugmas,bad smell,,
ugov ng ganda,,bobo,
uhm,to be assaulted,,
ukanimuchi,,mapera,
ukaninay,,walang pera,
Ulay Mabuhay!,happy its time to go home,Uwian na!,
ulvoh,,nangangamoy,
umbao,man,,
ung gora,,sige,
"Unya na, Dear",,"Mamaya na, Dear ...",
unyabelles,later,,
UP,Pearl Theater,,
uranus,"buttocks, ass",,
uringgano,,pa-bottom,
utaw,people,,
vaclug,gay,,
vadclte,young gay,,
Valentine's Day,venereal disease,,
valiente,masturbate,,
vallage,,bading,
Vanessa del Bianco,ban,,actress
variables,"spare change, coins",,
vekla,gay,,
veriveri,,mataba,
"very, very, frightening",,matatandang baklang naka-makeup,
Viana Forez,lesbian,,
vilattra,super -'feeling' girl,,
Viva Films,poo,,
voltron,muscular gay,baklang maton,
vorta,gym-buffed,,
wa na splok,to be mum,,
"wa-ee, wa",none,,
wa-erz,,wala na,
Wagi Villavicencio,,baklang maganda,
wahda,no money,,
Walkathon Everly,,prusisyon,
walking doll,,baklang rumarampa sa madahng-araw,
wallet,vagina,,
walochi,,walo,
wan aray aray aray,P 1000,,
wan kiyaw,P 1000,,
warla,"feisty, combative, war freak",,
warlock,,magkaaway,
Washington DC,none,wala,
watashi,who,,japanese
waz,,wala,
wepakels,,p'wet,
wer-aug,schizophrenic,,
werlalush,,saan,
werlat,girl,,
Western Marketing,,walang makuhang lalaki,
wet pax,"bullocks, ass",pwet is butt ,flourish
white,bisexual,,
Whitney Houston,witty,,flourish
wigwam,hairpiece,,
wikikik,,ayaw,
wilchels,no,,
winadol,win,,
windang,destroyed,,not nec backlese 
"Winnie Santos, Winnie Monsod","successful, winner",,personalities 
Winnie Wynie Woo,,panalo,flourish
Winona Ryder,winner,,
wirishima,no,hindi,
wishang,no,,
wishing,no,hindi,
wit ko bet,not my type,,
witawit,no,hindi,
witit,no,,
wititit,no,hindi,
witlag,no,hindi,
wiz ko nowing,don't know,,
"wiz, wit",no,,
Wrangler with zipper,,mga malatandang mapera,
Wyoming,what,,
X-men,closet case gone out,,
Xanadu,invitation to sex,sana do,
yamag,,maliit,
Yayo Aguila,shy,,"singer, personality"
yema,icky residue during anal intercourse,,
yokabeybs,looks like a horse ,baklang mukhang kabayo,reversal of ka-ba yo  common in filipino slang
Yolanda Guevarra,rain,,
yuplash,,sumubo,
za naaah!,,wish na wish,
ZsaZsa Padilla,"Okay, fine!",,