rank,date_posted,definition,usage_example,up_votes,down_votes,posted_by,,
1,2017-10-30,Emma Watson,"Oh hey, look it's the feminist queen Emma Watson",57,31,WHISKer doodle,,
2,2016-04-07,"Either a male cuckold or a female supremacist that hides behind social dogmatism to justify her privileged social status. Sufferers of feminism experience delusional and conspiratorial thought patterns. Typically, diagnosed individuals claim to be under constant attack of an enemy known to them as the ""Patriarchy."" Most sufferers are unfuckable females that cannot cope with the social rejection of their male counterparts. Furthermore, they often develop a deep-seeded hatred or resentment towards women of a higher social status (Better looking than them). While everything is currently being done to help those that contract the virus, unfortunately, little to nothing can be done to help those that suffer from stage (wave) three feminism. However, if caught early (wave 1 or 2), the patient can be treated with a gradual dose of G.D. (Good Dick). If you or a loved one has contracted the F. virus, please contact your local bitch control center and ask to be tested. Remember, the F. virus affects both men and women. In prolonged, untreated stages, men can gradually grow what is known as a mangina and thus develop cuckoldry (See Tumblr for details). And for women, the F. virus can result in a permanent drying of the vagina and consequently cause the clitoris to expand into a large cyst which signifies the final stages of the F. virus. The female suffer will gradually transform into an untranslatable, repulsive ogre that demands that you check your privilege.","Don't be such a feminist...use logical and reasonable arguments when trying to prove your point. Honey, he's a feminist. Of course he's a cuckold. Just go with it. You might like it. Remember, he actually likes watching you fuck other guys while he's in the corner crying. He literally gets off at it!",72,49,Skiller Ipseity,,
3,2017-09-21,"A feminist is a person who fights for women to have equal (or these days more) rights then men. Feminists do not fight for women and men to have equal rights, only for women to have the same rights as men or more. A person who wants equal rights for both genders is a equalist.","Tiffany: I think women don't have the same rights as men, so I'm a feminist Tom: I think both genders have more and less rights then the others, so I am a equalist Tiffany: Fuck you, white male scum. Tom: Fuck you too Tiffany, fuck you too.",23,15,le king of words,,
4,2018-06-21,"The people that complain when there is no female antagonist in a series, but claim it's sexist when there is.",That feminist is fucking insane,76,62,Chesssx,,
5,2005-02-08,someone who believes the radical notion that women are people.,"if you believe that women and men should have equal rights, you are a feminist. there's nothing ""extreme"" about it.",57829,58920,laurie k,,
6,2009-12-27,"A feminist is a person, most likely a female herself, who fights for equality as women are seen as the weaker sex. A feminist is not a man-hater, which is what some people insist they are, though they are very 'pro-girl.' Feminism has been alive right through history, as females fought for their right to vote, work and receive equal pay. The world today would be very different if feminists never took action to change laws and empower themselves.",Kate Sheppard and Kathleen Hanna were both feminists.,41632,42408,grrrlgerms,,
7,2010-01-20,A straight male who doesnt express enthusasium towards chauvinistic remarks,"Your buddy is such a FEMINIST , he doesnt show any interest when we go on with chauvinist jokes .",39988,40852,Hef,,
8,2009-06-29,"A feminist is a person who believes that men and women are equal (though not necessarily the same), and should be entitled to equal rights, equal treatment, and equal opportunity.","The attainment of women's rights to vote, own property, and become leaders in business and politics are feminist victories.",44014,45916,R L F,,
9,2017-04-10,Someone who believes women should be treated at a higher standard then men. Despite what people think a feminist does not believe in level playing ground because if she did she wouldn't be a feminist she would be an egalitarian by definition and if you think that without the label you are a reasonable person,Person one: woman should be treated equal but women need special treatment. Person two: you're a feminist cunt,36,26,The hard truth 101,,
10,2009-08-10,"A person who supports equality between the sexes. Feminists can be (and are) women, men, and transpeople. Feminists are black, white, and everything in between. Feminists are straight, gay, and bisexual. Feminists understand that inequality effects everyone. Feminists ARE NOT Nazis, or women who can't get laid. The very existence of these views is proof that feminism still has a lot of work to do. Some feminists shave, and some don't. Some are ""fashionable"", some aren't. Just like any other group of people. Not all feminists are lesbians, though lesbians can be feminists. The ongoing Civil Rights movement and the push for gay marriage are often associated with feminism as each cause expresses a very sane desire to create world recognition of our intrinsic equality.","John: Lisa's a feminist? You mean a bitch, right? Max: She just believes in equal rights, man. I'm a feminist, too.",43158,46191,Katyakahlo,,
11,2010-01-17,"A person who is feared and hence defamed and discredited by jocks, frat boys and men of inferior intelligence and/or sexual prowess.","Bob the III: Dude, did you see this chick at our frat party? Smokin hot, riiight? Jim the IV: Yeah man, but she's a feminist... so let's be really, really clever and tell everyone that she's a dyke that never shaves!",39795,44253,The Happy Humanist,,
12,2009-10-06,"Anyone who can read between the lines of misogyny. And then, with grace and intelligence, acts appropriately to fight against it.","Man, have you checked out the myspace page of A Panterinha? She is fighting misogyny one blog at a time! Now she is what a feminist should look like.",40359,44986,Leah Topplers,,
13,2008-02-02,"someone who believes in equal rights for men and women, i'm a girl and i have a feeling this'll never happen. if men and women were equal, guys would have permission to hit me right in the face and who wants that? note: feminists and femiNAZIS are very different, just so you know.","example of feminist: myself, sort of; example of feminazi: warped minded, bra burning, hairy monster woman who screams at the smallest thing. see, Rosie O'Donnell.",687,717,girl369x,,
14,2019-05-27,A woman who thinks they do nothing wrong and men do everything wrong,Fuck feminists,34,27,Randomking8,,
15,2019-12-18,"Someone who believes that both women and men should be treated equally and given equal opportunities, advocating for the rights of all genders. Note: misandrists are often misidentified as feminists","As a feminist I believe both men and women should be treated equally *men are more likely to receive the death penalty and harsher sentences than women* ""As a feminist I must advocate for the abolition of this gender bias""",39,32,Conan.g,,
16,2018-10-14,"Someone who believes that women should have equality with men in political, economic, and social situations.","Billy and Jane both work at the same place, for the same amount of time, with the same amount of work. However, Billy gets paid more than Jane. Jane is a feminist because she wants to get paid the same amount as Billy because they are doing the same thing.",95,89,JesusisLord27,,
17,2005-04-06,"A hypocritical woman who doesn't want men to have any rights whatsoever. Feminists do not want to shave their pits or wear bras to prove some point. Now, feminists do not want men checking their tits out, but now wearing a bra is just going to get more attention to that area. Most feminists do not want to be called ""offensive"" terms such as ""babe"" or ""chick"", when men often get called ""Dude"", ""Buddy"" and ""Hunk"" BY women. That is hypocritical. No one likes a hypocrite. Women deserve equal pay and all, but they don't have to hate all men just because they can't do their job as good as a man (in some cases). I think all feminist extremists should suck it up, shave their pits, eat shit and die.",Feminists are hypocrites and facists.,1196,1327,Inzane,,
18,2018-06-21,A wild and rare specie that mostly appears in the middle of nowhere and RKOs you with different examples on how unfair is to be a wamen.,"G1 ""All wamen are queens."" G2 ""if she STREAMS she is a THOOT"" F1 ""As A FeMiNiST I DOn'T AgGree WiTh YOu SeNtImEnt there""",14,9,EyeSwall0wCmen,,
19,2019-04-30,An annoying piece of crap that will eat any man's soul just to say they are right and men are wrong.,"Bob: that girl is really annoying, saying stupid things about rights and how men are wrong. Bill: she's probably a feminist.",22,17,ThatOneGuyk,,
20,2006-07-16,A nightmare with tits.,"As a feminist, I've decided that the thing between my legs is the sum of my identity and the cause of all my problems.",1180,1385,Nicosticko,,
21,2005-02-10,"Feminist- Defination used by a group of ""wanna be men"" women. desiring to have a penis to which they can fuck themselves.",Did you hear about the feminist rally that turned into a giant lesbo fuck fest.,851,992,l-g,,
22,2003-07-01,"Male-hating, PC, whiney left-wing-extremist bitch. Not to be confused with those who want equal rights and respect for women, and all people in general; such people can be found all over the political spectrum (except among the Religious Right and their allies, that is).",NA,1469,1746,Brian X,,
23,2010-11-02,"A woman who has been led to believe that all men are dim-witted, violent animals and all women are perfect, infallible goddesses. Actively supports misandry in the education and legal systems.","Dee Myers are Hariet Harman evil, man-hating feminists.",395,450,SilasPollux,,
24,2018-08-21,"People who want equal rights between men and women but are against equal responsibilities for both genders. A lot of feminists in 2018 wants only females to have powers and be worshiped by males. Feminists think they deserve much more than men without having to do the work for it. They usually uses the term ""rape"" for everything males do that females disagree with. Feminists are always unsatisfied because they complain about anything they don't like and can't accept the fact the they can't always get what they want. Also, a lot of feminists are really uneducated and can lose to arguments against a middle school student. Feminists are mostly WHITE middle-aged females that are VIRGINS.",Feminists: Women should have more responsibilities. We should fight for equal responsibilities. Men are so unreliable and stupid. Feminists are superior among st everybody else. Feminists: Women have too much responsibilities. We should fight for equal responsibilities. Men are so unreliable and stupid. Feminists are superior among st everybody else.,13,8,Little Pumpernickel,,
25,2017-06-23,Technical definition for a minge eater,"Stacey: ""Milly, come over here and eat my fucking unwashed beaver, i want a feminist"" Milly: ""Sure, but i wish you had a dick, dicks rule""",12,8,DIRTY BOLLOCKS,,
26,2017-02-09,A cunt,You think woman shouldn't be sentenced to jail if they falsely accused man of rape. You are such a feminist! Fucking delusional cunt.,12,8,MrBoob,,
27,2018-06-03,People that believe there are more than two genders and make fake theories off of thoughts and belief but have no scientific evidence to prove otherwise. Or Woman who believe in gender equality but do not care about men and boys saying that men are the root of all evil but women can also be evil. This is excluding the non feminists.,Stop yelling at us feminist!,12,8,Mememememmeeemmeememmeme,,
28,2015-08-22,A word used by idiots with a low self-esteem to identify with other people because they're lesbians and hate men,"Normal girl: Wow, look at that cute boy over there! He sure has some good looks! Feminist (or feminazi): YOU SEXIST PIG, MALES ARE THE SPAWN OF SATAN EVEN THOUGH I DON'T BELIEVE SATAN EVEN EXISTS",28,24,pooeygirldooey,,
29,2015-12-02,If you feel that all men are evil. You're a feminist and you might hate a meninist.,"A feminist Would say ""I think women in video games are not treated equally""",14,10,Kenlars,,
30,2019-02-10,"A phrase meant for a female who supports 'equal' rights but only when it's not equal and instead women superiority. They can be incredibly annoying, commonly with their squeaky voices and idiotic ideas . The phrase can no longer be taken seriously and can only be used in bad light. Be careful fellow men, any female can be a feminist; your mom, sister, GF etc. Try to avoid them or you most likely will be accused of rape or assault (basically have your life ruined for being around them)",Man - Feminists are bad Feminist - DId YOu juST RApE mE?,19,15,IAmRightoShapiro,,
31,2008-05-19,"A female who seeks equality. Often confused with feminazis. Unlike feminazi they feel that men and women should be equally treated at all cost, feminazis go beyong equality and acts like women are superior.",There's nothing wrong with being a feminist and seeking equality.,1596,1993,wuurrp,,
32,2008-01-15,"a ugly ass bitch who will never get laid, and takes her frustration about it out on men.",nobody likes that bitch because shes a feminist,531,647,Dr. Wilson,,
33,2007-08-26,"Women or men who believe that women should be treated equally as men. The problem with that, is it usually ends there - that is, feminists wouldn't give a fuck about it being the other way around (men being equally treated as women) to add to that, it usually isn't about having equality, its about having MORE. Also, if equal treatment is requested, then apparently feminists want to pay the bill and open the door for a man now. Oh wait, they probably don't - its equal, yet unequal treatment I guess. Makes plenty of sense. Now, to address the stupid people who have a problem with the image of women on televison... GET OVER IT. For starters, and this is a big thing, the woman accepted the job to be on the show or commercial that portrayed her as the steryotypical houswife! What the hell! So, why don't you go down and attack her for doing that? And there is an entry about feminism by an author called ""lick_it_bitch"" who complains that tv sitcoms use skinny, beautiful women to be companions of fat, ugly men... and the tv shows that she lists to give examples of this are: ""the drew carey show, family guy, the simpsons""... WHAT THE FUCK?!? TWO OF THOSE ARE FUCKING CARTOONS AND THE OTHER ONE IS THE FUCKING DREW CAREY SHOW SHIT! And another problem I have with feminists is the fact that they seem to think that women should be treated equal simply because they're women. Nope. Doesn't work that way pal. If some womans a stuck up pompas ass bitch, no one should f@#$ing respect her simply because she's a woman. Okay.... this is for people like (these are the usernames of people that have submitted entries) ""Lick_it_bitch"" and ""unachicafantastica"" as well as the rest of those extreme feminists. Go fuck yourselves, its because people like you that women (one of the most beautiful things on this planet) are being oppressed and even hated. And the last thing I would like to address - lick it bitch says (among a list of things that she disapproves of) ""when its no longer legal to create or sell pornography showing a woman be violently raped"" you are a fucking moron really... ITS FUCKING PORN! IF YOU ARE LOOKING FOR GOOD OL FASHION FAMILY FUN DON'T FUCKING LOOK FOR IT IN A PORNO YOU ASSWIPE. Shit...",Most feminists drive me effing insane,816,1011,seemethenbitch,,
34,2018-11-29,"Someone who must be tripping on acid because who the fuck says"" WOWOOW U hiTtInG On Me BEcaUsE u SaiD hI""",someone who needs to die; wow shes a feminist im gonna go kill IT,6,3,ANTILibeRAL,,
35,2018-08-10,A individual who claims to advance the support given to women but doesn't realise he/she is ruining the society by supporting more feminism than required.,"John: See how that girl complained to the school master about the innocent boy who requested a pencil ? Sara. : Yes, I saw today. But what did the girl complain . John. : The girl explained that the boy was harassing her . Sara : So sad , this need to stop the girl should be suspended instead of him. She is a harsh Feminist.",6,3,Dictionaryoxfordind,,
36,2017-07-08,A cancerous thing that infests this earth and the entirety of the internet,"Feminist: ""Oh my god that fucking air conditioner is fucking sexist. I BLAME THE PATRIARCHY!"" Girl: ""This is why we can't be happy because of idiots like this.""",6,3,Maginko,,
37,2019-06-07,A female born with a few too many chromosomes.,Hey you see that feminist; Never ever go near them you might get their extra chromosomes.,6,3,Thot_suffocator,,
38,2015-07-16,Someone who tries to deny the fact that women are terrible drivers.,"Person 1: I was a juror in a case about a woman that killed 3 kids with her car. She admitted to texting while driving and applying makeup simultaneously, but her lawyer still got her out of a prison sentence. Person 2: Wow, that lawyer must have been a real feminist!",23,20,equal_opportunity_basher,,
39,2007-09-11,Someone who wants to be more equal than everyone else,"Damn Feminists, think they own the place",774,972,distilledfx,,
40,2016-05-29,"A professional victim who severely lacks logic and reasoning skills, and takes the world around them for granted. Usually without the ability to take responsibility for their own life, in a constant desperate search for someone or something else to blame fort their misery. They speak only lies and half truths, and distort statistical and historical facts, in order to gain support for political change, to hand them even more undeserved benefits on a silver platter, and to keep themselves victimized. They claim their beliefs are about equal rights and equal opportunities with men - which was already achieved decades ago. But nothing is further from the truth - it's about entitlement to things they didn't do shit to deserve. They claim independence, but by a large margin really just steal mens money by state proxy through taxation, without having to present a tradeoff for the financial support and stability. Feminists say the fight sexism, but their double standards are obvious, as most of them still hold traditional beliefs to what a man 'should do', how men should act, and what's 'a mans job' is ect. They're the direct cause of the decline in cultural degredation, declining birthrates, and the abolishment of the institution of marriage, as anything but a stepping stone towards free money and an easier lifestyle through no effort.","Tracy is a really beautiful women. I 'm gonna ask her out. ""Dude, don't. She's a batshit crazy feminist. Nobody knows when she caught it, and there's no known cure yet. Take that crazy bitch home, and you're sure be wakened by two cops the next morning.""",22,19,The Real Gentleman,,
41,2016-06-07,"Slang term for ""retard."" Can usually be seen with dyed hair, unhealthily large weight, and abnormally-shaped hipster glasses. Pretends that women are the most awfully, pitifully, shamefully oppressed demographic on Earth, and uses that notion to justify their hypocritical harassment towards literally every other demographic on Earth, especially white males.","Male: Hi stranger, nice day isn't it? Feminist: STOP HARASSING ME!!! Male: Whoa relax I'm just- Feminist: GO TO HELL YOU FUCKING PATRIARCHAL MALE CIS RAPIST SCUM!!! I'M GOING TO TELL THE WORLD ABOUT YOU ON TUMBLR AND RUIN YOUR LIFE!!! Male: *backs away slowly*",17,14,Dr. Fucktits,,
42,2019-05-29,A beluga whale that often weighs over 300 pounds you can often spot the exotic creature on animal planet very common in America The UK and Australia often found waddling around,Damn look at that beluga whale looking feminist,15,12,Birdman is king,,
43,2017-05-04,"A male or female (equality) that hates men because they don't believe in equality (equal rights for men and women) . doesn't really make sense, oh and they also get offended at everything e.g men, police ( male) , the government, trump, the news and many more",Look at that woman screaming over there smh she must be a feminist,15,12,Pepperoni dong,,
44,2017-03-31,Little bitch that is jealous of men with large cocks. Fuck feminist,Did you hear about that feminist botching about men,8,5,Ethanbradberry,,
45,2017-07-12,A PIECE OF FUCKING SHIT THAT SAYS FUCKING RAPE IF YOU BARELY TOUCH EM YOU CUNT,THE FEMINIST SAID RAAAAAAAAAAAAAAAAAAAAAAAAAAAAAAAAAAAAAAAAAAAPE!!!!!!!!!!!!!!!!!!!!!!!!!!!!!!!!!!!!!!!!!!!!!!!,14,11,EGGPLANTDUDE,,
46,2016-04-21,"Feminists are very much like the fascists of the third reich. For some reason they have this insane delusion that women should have the same rights as men. You can not reason with feminists since they do not understand words, so their arguments consist of small grunts and dissatisfied screaming.","-It really annoys me when feminists tell you that they're fighting for genderequality, but at the same time put up terms that will make an inferior race. -Yeah, being inferior is female business. -I love you Trevor, -I love you too, John, but not in a homosexual way, since women would just protest again how we prefer men just because they're men.",14,11,BRUMS3N,,
47,2018-03-13,A pussy with a beard.,"Barber: ""How short do you want it?"" Feminist: ""The usual, number 2 but can you not trim the side burns this time"" Barber: ""Sure, whatever tickles your fancy""",9,6,Dorothy Pitman Hughes,,
48,2018-07-30,"A retarded millennial who dyes their hair like their in a rock band from the 70's, who hates free speech and men, you will most commonly find them on huffington post and buzzfeed","As a feminist said"" everything is sexist, everything is racist """,9,6,Androxus,,
49,2018-04-03,"An unattractive woman who believes in female superiority, the non-existent gender wage gap and rape culture. Synonyms: wanker, douche, misandrist, retard",I'm never being a feminist.,12,9,Volgen,,
50,2019-05-23,A basic bitch who shops at hot topic to much and hates men because ... we don't know... these women or more like middle schoolers don't know what to do about their ex boyfriend so they complain about our 75 cents to their dollar and decide not to shave their vagina,"Yeah she's a feminist. ""Why."" ""who knows""",11,8,Jwjwnwl,,
51,2017-12-06,A fat ass woman who thinks that she rules the world because every time a man looks at her is statutory rape .,man -hi lady want a free sample of coconut crackers. fat feminist bitch-help i have been raped by a man. man-i was only asking you to try a sample. fat bitch-SOMEONE CALL 911. fat bitches squad-GET HIM HE RAPED US 2. man-fuck my life,11,8,FATDICKLOVER,,
52,2011-01-10,A female supremacist,"That Feminist is Pro-Choice, as in women have complete control over whether a fetus is brought to term while men have no control. That Feminist believes that female virtue is innately superior and that men are responsible for all bad and nothing good.",351,449,IBlokes,,
53,2018-04-16,"Any woman or girl older than ten years old who believes that men exist only to rape women. If provoked, they will lash out at the target, sometimes yelling at the top of their lungs, ""SHUT THE FUCK UP!"" while kicking and scratching everybody around her. Usually have feminist mothers. Beware.","Boy: Aren't you a feminist? Girl: HOW DARE YOU? HOW DARE YOU USE THAT WORD TO DESCRIBE US! WE CANNOT BE SUMMED UP BY ONE MEASLY PHRASE! YOU SHALL PAY FOR THIS!!! Boy: But I thought you called yourselves feminists, so why can't I? Girl: KAME... HAME... HA!!! Boy: *is dead*",13,11,yeetyee,,
54,2020-07-29,Feminist which is actually stand for equality but in reality it's nowadays is spreading misandry (man hating) in the name of equality,I'm a feminist who support equality but in reality I hate men,3,1,Nova900,,
55,2010-05-24,A women that refuses to cook you some eggs,"man-""Go cook me some eggs""; feminist-""NO go get a job""",582,817,wildboy77,,
56,2018-07-29,"A feminist, Not to be mistaken for a feminazi, is someone (man or woman) who believes in equal rights for each gender. It could be for equal pay rights or being forced into the military. Feminists aren't all that bad. It's only the feminazis that everybody hates.",Barry: Did you see the feminists rant the other day about equal pay rights? Sue: Yeah. But then the feminazis came in and said ice-cream was sexist! Barry: Thats so stupid!,17,16,wacky yo,,
57,2018-08-01,"A feminist is a common word used to describe a woman/man who stand for equal rights. Feminists are NOT man haters but everyone is different. There are two different types of feminists on the Earth. 1. A feminist who wants ALL the pros AND cons about having the same rights as a men, caring about rights AND responsibilities. 2. A feminist who hates men and all masculinity, and stands for women being equal without the same rights as men. In conclusion, a feminist is someone who is tired of men needing women to have big asses, massive tits, and small waists. Women feel the need to have these things because men have made women so unrealistic in their minds, and they've succeeded. Congratulations on ten year olds wanting a big ass and tits.","I'm a feminist, I stand up for equal rights between men and women.",17,16,yesjustlikethefruit,,
58,2019-01-12,A person typically a woman who hates men and thinks there all rapist and usually weighs at least 450 pounds,That person that hates men must be a feminist,8,6,Thegramy,,
59,2019-05-07,A retart that victimizes her self because of her gender,Bitch U a Feminist,8,6,dicktoster,,
60,2018-07-30,A woman/whale whos brain is very undeveloped and love to accuse men of rape and think its ok to make and eat food with period blood aka fucking retards,Wow that feminist is a fucking dumbass,7,5,fokboi,,
61,2017-02-09,"A worthless piece of hippocrit shit who decides that all men believe that all women are worthless pieces of shit, and therefore treat men like worthless pieces of shit, thus making them worthless pieces of hippocrit shit.",Fucking feminists,7,5,i hate zalman rodkin,,
62,2017-04-22,"Like a Nazi, but somehow less appealing and more bigoted. shares a family with the Landwhale. Spends most of its time complaining about non-issues, and using oppressed people from third world countries as a justification for their continuation of a long since obsolete western movement.",The feminist has hair the colour of skittles,7,5,Kekory Dickens,,
63,2018-02-08,feminism a point in the universe were the autism is so great it physically manifests in to a massive pile of cancer most commonly known as a feminist,"Doctor: i'm sorry to tell you, you have a terminal disease; Patient: what is it, cancer? Doctor: worse your becoming a feminist",4,2,arselicker_69,,
64,2017-02-02,A group of women that accuse men of sex abuse because they think women should be pampered just because they have a vagina,Feminists are assholes,13,12,money4Riley,,
65,2005-04-01,"Ugly lesbians. (please disregard the rest of this definition, I had to meet the cock-sucking 20 letter-3 word requirement)",Cook my food bitches! (refering to feminists),522,787,"richie from belmont, ca (not giving you my last name skaky feminists)",,
66,2020-06-27,one who promotes gender equality and doesn't take any sexist bullshit like that of the other definitions of this word,"wow, she stood up for what she believed in despite the patriarchal society in which she grew up in and still has to deal with today, what a feminist icon",6,4,itstwots,,
67,2010-10-28,Any female with an opinion.,She likes the toasted Italian bread more than the wheat bread? What a feminist...,421,640,Jnaut7,,
68,2005-03-02,"see also Cunt Nazi, madam.",That madam is a cunt nazi. No cunt for you!,585,911,anonymous,,
69,2003-08-21,,,617,971,Alex,,
70,2006-02-15,,,417,664,spittinpigeon,,
71,2018-12-07,,,9,8,The Yin and Yang Dragon,,
72,2016-04-23,,,9,8,TheMiloAntiFeminst,,
73,2016-07-26,,,9,8,xxxjerrysuxcoxndix69xxx,,
74,2007-02-10,,,461,749,Andrew Strand,,
75,2017-05-08,,,8,7,JJJJJJJJJJJoy,,
76,2006-08-26,,,3379,6293,Lick_it_bitch,,
77,2006-10-08,,,399,707,lizzypooh,,
78,2016-07-26,,,6,5,xxxjerrysuxcoxndix69xxx,,
79,2019-11-16,,,9,9,Reading Crazy Kid,,
80,2020-06-27,,,5,4,wacky100,,
81,2006-02-09,,,443,839,Midol Girl,,
82,2020-08-04,,,1,0,WORD CREATER AND DEFINITIONER,,
83,2019-11-21,If you are a male looking this up you are probably not one,look the feminists are out marching against rotten men; lets join'em,1,0,The true truth teller 101,,
84,2020-05-04,Annoying,That ugly fat rainbow-haired bitch over there is a feminist!,1,0,n1ggear,,
85,2019-12-06,A person who think women are superior and have the iq of the life expectancy of an anti-vaxx child,That feminist over there is big dumb,1,0,Big dicc nibba,,
86,2020-08-23,A feminist is a female or group of people that think more rights should be given to women.,"Men's rights activist 1: Did you hear what the feminist shouted at the rally? Men's rights activist 2: Yeah, they said 'Equal rights' or something. It's bullshit, they only want more rights and not equality. Men's rights activist 1: Yeah, I know.",1,0,TheDakomeister,,
87,2020-11-18,"A person, wether man or woman, who fights for or believes in equal rights for women",Believing that women deserve equal pay in the workplace makes me a feminist.,1,0,Ky_yes,,
88,2020-07-18,"All these definitions are trash I'm sorry. But a feminist is someone who is someone who believes in equal rights for women and men. Sure we have equal rights an all but some people need to get that in their heads. Saying that men are better then women and not expecting a women to get mad or disagree is just a bad thought on your part. Sure men can do things that women can't, but you know women can do things that men can't do to. Thank you very much.",Jack: only boys can play football. Linda: girls can play football too! Jack: ugh you're such a feminist,1,0,Itssssmeeee,,
89,2020-09-06,Little girl apart of the LGBTQ+ community with dyed hair and also has mental health issues.,"Look at Sarah, such a feminist.",1,0,smokedeeznuts,,
90,2018-08-03,a loser who blames all life's problems on straight white men.,she such a feminist,7,7,brandonmdog,,
91,2019-06-02,BITCH,FEMINIST ARE BIG GAY!!!,7,7,420gummy,,
92,2019-09-25,Specifically womans right activists who think and pretend everything men do is stupid and believe that they want to sexual assault her at all times and is a hypocrite,"Man: *breaths* Feminist: *Gasp* ""HOW DARE YOU?!""",7,7,Idiot with internet access,,
93,2019-12-31,An greedy roastie who wants to rip everybody off and get paid more for less to raise Chad's kids after Chad bailed and ran off with some fresh Stacy,Fuck you feminist. Fuck Chad too,7,7,D Flawless,,
94,2017-10-30,Fucking cancer cells that will never go away!,"Those damn feminists are at it again , trying to join boy scouts!",9,10,so hows ur mom,,
95,2007-01-14,"A woman who should be in the kitchen making me sandwiches or in the bedroom sucking my cock rather than spouting out radical ideas like ""women have rights too"".",Those feminists better know that I like ham and turkey sandwiches. No crust!,375,731,Ramon321,,
96,2018-01-17,A woman who claims they are being oppressed for society to kiss their ass. Usually this person has super short hair and dyes their hair to make a statement. These women mostly are liberal nut jobs who belong in an asylum.,She is such a fucking feminist. She just wants everyone to kiss her ass.,4,3,The Open Window Maniac,,
97,2019-02-15,"A person who believes in the social political, and economic equality of the sexes",Sarah is actively standing against the unequal pay in her workplace. This makes her a feminist.,4,3,LovelyAri,,
98,2018-12-22,A person that believes they are trying to get gender equallity but will go on a temper tantrum when females is targeted in a negative manner.,A bunch of feminist are mad that some fat lady was guilty of rape.,4,3,Commander8750,,
99,2019-05-18,"Someone who believes in equity for all genders and people. Doesn't want to take down men. Doesn't think women are better than men. Does want to be equal to men in a society that is run by idiots (mostly men, no offence)",Feminist: I want equity and equality for all. People who don't understand feminism: Feminists want to control men and rule the world. Feminist: just like what men are doing and have been doing for centuries...,4,3,Ebelzie,,
100,2008-01-29,1. a bitch. 2. a woman who is ugly and has no chance at getting married.,1. man: can you believe that feminist? other man: yeah she needs a good fucking. 2. Woman: The only reason she hates men is cause they refuse to touch her. Other woman: she should become a lesbian.,298,580,anananamous,,
101,2005-08-30,"Contrary to popular belief, a feminist is not a bra burning, man hating psycho, just as a Muslim is not a terrorist, there are always extremists. A feminist is really just a person who believes in equal rights for both women and men","If you're not a feminist, you're a misogynist",2676,5589,Pol_pop,,
102,2005-01-07,,,2784,6000,gbeann,,
103,2018-07-12,,,6,6,TheRogueToast,,
104,2017-12-01,,,6,6,Feminist123789,,
105,2016-12-10,,,6,6,ryhlyh,,
106,2018-03-03,,,6,6,Justabasicfangirl,,
107,2019-02-15,,,3,2,-‚Ä¢@@killerchicken@@‚Ä¢-,,
108,2020-06-25,,,3,2,Please don‚Äôt be misogynistic,,
109,2018-10-28,,,3,2,Haha Oof,,
110,2017-12-21,,,3,2,Ecm1323,,
111,2018-09-06,,,3,2,go fock yersel ya fat pedo,,
112,2004-11-28,,,2603,5828,Sarah,,
113,2004-11-11,,,2469,5710,R,,
114,2005-07-27,,,2573,5977,Fenderrrilla,,
115,2019-02-05,,,5,5,Haveagoodday:),,
116,2019-03-23,,,2,1,p0liticallyc0rrect,,
117,2020-07-20,,,2,1,therealtruefacts,,
118,2020-06-24,,,2,1,ü™ê‚ôõ·∂†·µÅ·∂ú·¥∑·µÄ·¥ø·µÅ·¥π·¥æ‚ôõü™ê,,
119,2008-12-14,,,2019,4830,goneawaykd,,
120,2018-07-08,,,9,12,Dickmaster69womancrap,,
121,2004-01-22,,,2377,5736,A logical Feminist,,
122,2003-07-04,,,2294,5613,jessica,,
123,2017-06-23,,,6,7,johhny depp,,
124,2016-05-28,,,6,7,gangeroos,,
125,2007-09-05,,,2209,5438,Gray Jack,,
126,2006-10-15,,,2211,5462,.Wonderwoman.,,
127,2008-07-20,,,2139,5648,Marie Jayne,,
128,2004-11-13,,,1927,5104,James,,
129,2008-04-10,,,1776,4729,feministproud,,
130,2019-02-21,,,5,6,GKAndy44,,
131,2018-02-12,,,5,6,gamekking,,
132,2008-01-06,,,1862,5065,"H,Josie,C",,
133,2010-03-24,,,1874,5102,feministnerd,,
134,2008-06-13,,,1841,5021,MeIz Anonymous,,
135,2004-07-06,,,1850,5057,YourMom,,
136,2007-05-04,,,1843,5052,xX_nameless_seductress_Xx,,
137,2010-03-31,,,217,557,Striker122,,
138,2005-02-20,,,1912,5366,s,,
139,2008-06-19,,,1912,5446,Fee Core.,,
140,2011-12-04,,,179,469,1sjsjsj1,,
141,2005-07-27,,,1804,5179,Krystel,,
142,2017-10-05,,,3,3,Clay Jenson,,
143,2018-05-17,,,3,3,xXFan_SquirrelXx,,
144,2018-11-22,,,3,3,Th3 Nam3 Mak3r,,
145,2016-12-16,,,3,3,"Live life, don't ruin others",,
146,2017-04-22,,,3,3,cbjlgihghcailufdjidonsoivjnvdj,,
147,2017-06-02,,,3,3,Small dick Eugene,,
148,2017-06-14,,,3,3,Slasher0921,,
149,2017-09-12,,,3,3,Ting_ting,,
150,2018-03-02,,,3,3,A c t u a l definitions,,
151,2018-03-05,,,3,3,Feminist run the world,,
152,2016-06-17,,,3,3,p9990,,
153,2018-06-22,,,13,25,Clams4Dayz,,
154,2016-05-22,,,4,5,The guy who keeps it real,,
155,2017-11-27,,,4,5,experiment54,,
156,2019-06-24,,,4,5,big 0unc3,,
157,2017-06-02,SHIT,Feminist is SHIT,4,5,ANTI FEM,,
158,2017-03-24,"A person who believes that, women and men should be equal in all or most aspects.","The gender pay gap is real and needs to be solved! said ButthurtMcWowImaCunt . ""Well ButthurtMcWowImaCunt, you must be a feminist"", said Chris Ray Gun",4,5,Extra.__Chromosomes,,
159,2016-04-21,Some butthurt ugly bitch who hates men for no reason other than she can't get laid,1: Did you see that feminist? 2: How could I miss her?,5,7,Iwilloffendyou,,
160,2016-11-18,"A feminist is a person that supports the idea of a society where women are superior to men. They always make contradicting arguments on crappy YouTube videos and insist that it's equality if women get things for being women, but that taking note of that is misogyny. They believe in not taking any responsibility for anything that they do and instead blame either individual men, or the patriarchy. Feminism is not about equal rights, that would be egalitarianism. Why else would ""Femin-"" be in the title? They still think they don't have equal RIGHTS to men; They don't... they have MORE.","Samantha is a feminist. Dude stay away from her, if you look at her she will sue you for rape.",5,7,CommonSense717,,
161,2016-06-21,,,5,7,Vape Lord Nord,,
162,2016-08-07,,,5,7,avjvel3jfi3fq3,,
163,2011-09-02,,,148,417,cabby1234,,
164,2009-06-03,,,1297,4263,Kathryn F. Clarenbach/ E.C.,,
165,2016-12-07,,,9,18,jmc24,,
166,2010-10-26,,,1315,4603,Hit Girl 222,,
167,2017-02-21,,,4,6,Murican1775,,
168,2017-07-30,,,4,6,Frog dodger,,
169,2016-08-05,,,4,6,Big Daddy Lmao,,
170,2018-05-17,,,2,2,FunkyWatchdog1983,,
171,2018-07-05,,,2,2,William hb,,
172,2019-08-03,,,2,2,Braydon.,,
173,2019-11-10,,,2,2,Dkskakskdkskisnejfudr,,
174,2018-02-02,,,2,2,koooo-hana,,
175,2018-12-02,,,2,2,This_isweird,,
176,2019-08-27,,,2,2,NUNEI,,
177,2019-01-11,,,2,2,burgundyhoodie,,
178,2019-11-07,,,2,2,Unknown master666,,
179,2018-01-29,,,2,2,big nig 420,,
180,2017-10-10,,,2,2,Dick Quivers,,
181,2018-01-09,,,2,2,Lord tachanka 420,,
182,2018-01-01,,,2,2,dancing violinist,,
183,2017-06-26,,,2,2,BoomDickhead,,
184,2018-12-08,,,2,2,KingAnonymous,,
185,2019-03-12,"A person who believes in the social, political and economic equality of a sexes.","I just explained the word ""feminist"". Think there is no example needed.",2,2,"Beyonc√©, Nicki Minaj, Rihanna",,
186,2019-01-21,"Whatever the other fucking offensive definitions were written for this word here, they are wrong. A feminist is anyone, not just a girl, who stands up for women's rights. We do not belive that women should have more power or are superior to men; we belive that everyone, no matter they're gender, deserves to be treated fairly.","Sexist asshole: ""Feminists are stupid lesbians who want power over men."" Real feminists: ""WRONG we belive in women's and humans rights equally!""",2,2,skskjksksjk,,
187,2017-09-12,"Someone who hides behind the word ""equality"" in order to push the narrative that women are still oppressed and gain sympathy points.",A: I'm a feminist because just yesterday I lost a job position to a man. That's sexism. B: LOL. You lost the position to him because he has 20 years of experience while you have none.,2,2,rebelliousteenager72,,
188,2018-07-01,"A person who supports the movement of gender equality, both for men and women, in social, political, and societal life. Just because someone is a feminist, does not make them a bitch. They support and advocate for gender equality, and realize the social injustice that men and women face in daily life.","Person 1: ""I hate feminists!"" Person 2: ""Do you even know what they stand for?"" Person 1: ""Yeah they believe that women are superior to men!"" Person 2: ""That is not what feminists stand for. They believe that both men and women face challenges and social injustice. For example women get cat-called, viewed as sex objects, and viewed as the weaker gender, while men are always expected to be hyper-masculine, and often face harder punishments for the same crimes. Person 1: ""Wow I didn't know that!! I'm gonna stop being an asshole now."" Person 2: ""Yeah, that's a good idea.""",2,2,LostInABlackHole,,
189,2019-11-01,1.a retard 2.a libtard 3.go die,Shes such a f**king feminist.,2,2,smolboyslikethiccdaddys,,
190,2018-03-25,Someone with Autism or a similar form of Retardation.,"Josh - ""You're a feminist right"" Taylor - ""Yeah"" Josh - ""Okay, good... good.""",2,2,JuggBoost,,
191,2019-07-23,Most commonly known as a land whale. In which men can not mess with bc they are endangered,Hey look a land whale. Must be a feminist.,2,2,Fangedflight,,
192,2019-03-18,A woman with a name that is either Kathryn or James,John: what's that. Jimmy: that's a feminist,2,2,John360willies,,
193,2018-11-04,"A feminist is a human who believes in the social, political, and economical equality of people. When you think of a feminist you normally think of a woman standing up for women or a woman saying she is worth more than a man. But a feminist doesn't have a certain age, gender, or race. A feminist is a human being who believes that everyone is equal no matter he age, gender, or race.","Oh look at that annoying feminist. ""no. Look at that strong human standing up for what's right.""",2,2,Priorboys,,
194,2018-03-08,A orange fish that swims in the ocean.,"Oh look at that orange fish, must be a feminist",2,2,Loser b 123,,
195,2019-04-12,"a group of mentally ill people that seem to get triggered over small irreverent things like the AC, ""manspreading"" they also have to hate men, typically 300 LB over waite odd color dyed hair. they also tend to make public scenes take gender studies class and make false rape and sexual harassment allegations for simply disliking someone are to get out of a problem.",ug she a feminist best watch out there going to accuse you of rape for looking at them,2,2,the one and only nakedmolerat,,
196,2019-03-22,"A wild species of the Homo-Erectus. One of the last of its kind, It tends to be very offended by ANY remarks to its structure or joking about its species. It rivals with the wildly popular species of ""men"" and will use anything that is in their nature against them. They travel in packs for protection and will, once a year, migrate while screaming something like ""WAGE GAP!"" or some shit like that, This is called the ""Feminist March"". Standing Identifications: Glasses someone with a name like ""Vicky"" would wear, Dark-Red hair (Often short hair), Offended easily, Especially towards a men, Outcasting anyone who is not like them.","Feminists are just peole who get paid less than others for the same amount of work. Like, Equal pay should be a thing nowadays in 2019! - Feminist claiming they should get paid for not showing up to their job.",2,2,Robert Bumaro,,
197,2019-08-24,,,2,2,Someone Who Did Research,,
198,2019-03-14,,,2,2,420feminist,,
199,2018-02-25,,,2,2,RyanG123456,,
200,2018-09-28,,,2,2,toastybean45,,
201,2018-04-22,,,2,2,Getoutof Myuterus,,
202,2018-01-12,,,2,2,Nice truths,,
203,2018-04-21,,,2,2,momnamedmedeathruinandpoverty,,
204,2019-06-12,,,2,2,Lanamae,,
205,2017-10-08,,,2,2,Progressivism=communism,,
206,2018-02-22,,,2,2,ShitTalker64,,
207,2017-12-28,,,2,2,TheSmartIdiot2,,
208,2017-09-20,,,2,2,nphilip,,
209,2017-12-03,,,2,2,very sad man,,
210,2019-10-09,,,3,4,You're a Gabe Itch.,,
211,2018-05-24,,,3,4,WhyTheFuckAreTheFeministRising,,
212,2019-06-10,,,3,4,banana cumstain pussy bitch,,
213,2018-03-24,,,3,4,Bradchadfrat69,,
214,2006-11-08,,,130,430,GAH!,,
215,2010-03-14,,,127,432,your best idiot,,
216,2016-07-26,,,4,7,Xxtiti_ramirezxX,,
217,2017-12-12,,,24,76,Feministsarebetterthenu,,
218,2010-02-09,,,2072,9027,The Happy Humanist,,
219,2017-02-14,,,3,5,VaTeuton,,
220,2018-01-23,,,3,5,HaloMaster2727,,
221,2018-08-09,,,3,5,Woman have no rights,,
222,2017-08-31,,,3,5,cishethispanicamericanmale,,
223,2017-08-06,,,3,5,jackspedicey 2,,
224,2019-07-31,,,3,5,Logical Xenomorph2,,
225,2019-07-17,,,3,5,AfricanVioletCreature,,
226,2019-09-26,,,3,5,Toejam Sr.,,
227,2019-09-26,,,3,5,Toejam Sr.,,
228,2019-07-05,,,3,5,Toejam Sr.,,
229,2019-12-03,,,3,5,Thepersonwhomadethat,,
230,2017-08-17,,,3,5,123humor,,
231,2017-03-06,,,4,8,FarziikYT,,
232,2010-01-17,,,1923,8878,The Happy Humanist,,
233,2018-01-01,,,2,3,goerz,,
234,2019-09-06,,,2,3,Magicmanlemon37,,
235,2019-05-01,,,2,3,captain buddy,,
236,2017-09-28,,,2,3,Ye Old Bucktooth,,
237,2019-01-17,,,2,3,zadz,,
238,2019-01-08,,,2,3,Pussynigalips,,
239,2019-01-03,,,2,3,NepNep Vasilias,,
240,2010-04-28,,,1767,8783,The Happy Humanist,,
241,2016-08-06,,,4,9,The Infidel of America,,
242,2010-02-08,,,1776,8926,The Happy Humanist,,
243,2017-05-13,,,3,6,Body Positive Feminist,,
244,2016-05-18,,,3,6,TrustMe Johnson,,
245,2017-08-04,,,3,6,Mr Fink-Rat,,
246,2007-10-08,,,782,4145,the birds and trees,,
247,2018-02-27,,,1,1,letsmakethissh*tholenotone,,
248,2020-05-04,,,1,1,Thisislaw,,
249,2018-04-12,,,1,1,PattyCakesAyy,,
250,2020-05-06,,,1,1,FabulousKhadi,,
251,2018-03-12,,,1,1,Jane Whitman,,
252,2018-03-16,,,1,1,Starlight Willow,,
253,2018-04-04,,,1,1,aksepterer,,
254,2019-07-22,,,1,1,Somechilldude,,
255,2019-10-02,,,1,1,Shehoey,,
256,2019-06-11,,,1,1,birthday_cake,,
257,2018-04-20,,,1,1,"YouTube name is ""SH room""",,
258,2020-02-22,,,1,1,DontKnowIf_ImGinger,,
259,2018-07-20,,,1,1,Equalrightsboiiiii,,
260,2019-10-05,,,1,1,feminist:)),,
261,2019-10-31,,,1,1,Creator_of_ Niat,,
262,2020-04-23,,,1,1,Nico_Da_Freako,,
263,2018-10-28,,,1,1,milkymelk,,
264,2018-04-25,,,1,1,FuckenFeminists,,
265,2018-07-09,,,1,1,Jazzykinsg,,
266,2018-08-25,,,1,1,why is this world so bad,,
267,2020-03-10,,,1,1,Fuck face unstoppable,,
268,2019-02-26,,,1,1,Soundos,,
269,2018-03-31,,,1,1,Slytherintz,,
270,2018-03-16,,,1,1,Common.woman,,
271,2018-04-29,,,1,1,Raven Song,,
272,2018-02-13,,,1,1,üíÅ‚Äç‚ôÄÔ∏è,,
273,2019-07-28,,,1,1,le oomf,,
274,2017-11-03,,,1,1,Sople12234688,,
275,2020-06-23,,,1,1,Dan the anti-feminist,,
276,2020-06-28,,,1,1,Marah1234,,
277,2019-10-16,,,1,1,TheLonelyBanana99,,
278,2019-06-23,,,1,1,AnonymouseMan345678987654321,,
279,2018-08-16,a man or woman who believes in gender equality.,"this is the only non hateful,non misogynistic,non sexist definition of feminist you will find on the urban dictionary.",1,1,free inhabitants are dumb AF,,
280,2017-09-08,A bitch,Yo this feminist is such a bitch,1,1,Thememelord123,,
281,2018-11-19,"FEMINISM WAS NOT CREATED TO BE AND IS NOT ANTI MAN. At the very beginning of feminism you find the suffragette movement. Women wanting the right to vote. Then there was the Feminist movement in the 60's and 70's it was mainly about equal work and pay for women (which women still don't have. Go look at some unbiased data it's clear.) None of these movements were looking to take away a mans right to vote, or his job, or take away from their pay check. It was simply giving women the same benefits that men were given. To this day they are not looking to take away any of a mans rights or privileges(and the fact that now this word is mostly associated with negativity about men just makes it clear what fucking happened.) The only reason ""feminist"" has become a ""bad word"" is because men have misinterpreted it. The radical feminists that hate men are literally 1 out of 500 maybe. People have taken those radical women who identify as feminists and made the whole feminist movement anti man. Yes, I know women and men are very different physically,but even if we go from that point of view it still doesn't explain everything. If women are more nurturing why are there more men doctors then women. If women are better at teaching why are there more men professors than women. Men have higher paying jobs in all these fields no matter what body you have. It has nothing to do with who is more naturally fit for the job and has more to do with the bias our world still has toward women.",Hello I'm a feminist I believe in the equality of men and women. Have you learned about the feminist movement in history class yet?,1,1,Duckmeintheass,,
282,2020-05-29,A person (of any gender) who believes that EVERYONE should have equal rights. Someone who stands up for ALL genders. And DOESNT HATE ALL MEN.,"Derek: ""yo that Karen over there is a feminist"" Jake: "" G how do you know?"" Derek: ""she hates all men."" Jake: ""nah mate that ain't what a feminist is. If a 'feminist' says she hates all men then she ain't a feminist bro. Feminism is about equality"" Derek: ""oh shit bro my bad""",1,1,Wagwan_babes,,
283,2018-06-02,stupid woman who uses everything she possibly can against men and not having equal rights. (feminism is gay by the way),That stupid whore complaining about women rights is such a feminist,1,1,feminist hater69,,
284,2018-01-19,cancer,oi you hear that my sisters a feminist we just shoved her into a bin and nicked some bare pennies,1,1,bare_pennies,,
285,2018-01-10,"A reasonable human who has an opinion and gets a bad rep for its extremist cousin, the feminazi.","Lol jk fuck feminists ""DOWN WITH MEN! DOWN WITH MEN!"" ""OH SHIT A FEMINIST! GET DOWN MEN! @ @@@@@@@@@@@@@@@@@@@@@@@@@@@@""",1,1,Is_ass_kosher?,,
286,2018-12-28,"a nazi, but instead of hating Jews, the feminists hate men, all of them, because all men are *EVIL* (I'm not saying all men are evil, if you cant tell its sarcasm)","bitch 1: wow that man said hi to a woman, fucking women oppressing cunt! normal human: wow that woman is definitely functionally retarded but also a feminist",1,1,Anti feminism,,
287,2019-04-30,A feminist is a lesbian a girl who likes pusssy,Ariella is such a feminist she loves pussy,1,1,Tito Tyrone,,
288,2018-09-30,"Somebody who wants equality for all genders. Often confused with radical feminists, or feminazis, who are massive fucking idiots who think all men are shitbags and honestly go against all ideals of feminism. Seriously, shut up.","I am a feminist. ""Good for you bro! Same!#",1,1,Procrastination 101,,
289,2020-06-21,"Women who take blame and shame men for doing things the wrong way,they are brainless idiots who argue about men making mistakes,and using these mistakes to fault them and ruin there perfectly good lives","Hey did you know judys a feminist?"" No."" Lets check her out."" Okay."" In judys home. Get OUT OF HERE YOU SHAMELESS SICK PATHETIC BASTARDS",1,1,Im_really_really_bored,,
290,2018-02-03,Someone with autism or similar form of retardation,What a poor feminist.... Let's go break her legs,1,1,Random Whitness,,
291,2018-01-11,A person of no particular gender whom believes in equality amongst all people.,The word feminist is highly misconstrued.,1,1,Angela Rain,,
292,2018-05-28,someone who believes in equality between the genders. Thats is thats all we fight for.,He's a feminist because he believes men and women are equal.,1,1,jimmy_22,,
293,2019-12-14,"Usually a woman, but could also be a man, who advocated for men's and women's rights for gender equality. A few people would say we are both already equal, but's that's a lie, as we are treated differently. They don't just advocate for equality. It includes LGBTQ+, abortion, global warming, racism, sexism, disabilities, and more. Feminists also have to fight the stereotype that some people believe that they hate men, although they don't. If a woman hates men and calls herself a feminist, she's not a feminist. She's just sexist.",Stacy is a feminist so she protests in many marches for equality,1,1,equality definitions,,
294,2020-09-22,"A female who tries to tell you that females have historically faced more atrocities than males is plain full of shit, and has her own interests and self promotion in mind, not humanity. A female that thinks males haven't been butchered, beheaded, drawn and quartered, hanged, racked, boiled alive, sawed in half, burned alive, crucified, raped, tortured, or filled mass graves like numbers in the same numbers or many times higher numbers has forgotten history. Saying that males are oppressed, but females have been more oppressed is about the same thing, except it eliminates being held accountable for what she said about females having it worse throughout history (somebody letting her know she's full of shit) and still focusing attention on herself. Males lead violent, atrocious lives and it's never been a big deal, females have been more sheltered from it than any group throughout history, so that when atrocities do happen to females, the world stops to pay attention for some reason. It's rare to find a female child that got ass whoopings throughout her childhood from an authority figure, since nobody is more sheltered by and from the same authority figures and authoritarian values they whine about being unfair to them than females. Females who think their lives or childhoods were harder than their male counterparts because they can have children have forgotten what childhood was like, and have never really given much thought to the matter, they have their own interest in mind.","The girl didn't really have feminist interests, human interests, or any other interests than her own in mind with what she was trying to sell. She just told people she did.",1,1,Toejam Sr.,,
295,2018-03-18,"A person (usually a woman) who pretends to want equality for women, but really just hate men, and only care for the women that agree 100% with them.","When the man breathes the feminist gets mad. When the man sits, the feminist gets mad when the man eats the feminist gets mad.",1,1,Maserati life,,
296,2019-07-26,i creature that came from hell and hates men and wants to kill them,help a feminist is trying to kill me,1,1,attack i pod lemon,,
297,2018-01-22,"Feminists are not man haters. It is not women who refuse to shave. It is not women who only get abortions and don't believe in relationships. We are women who want change not just for ourselves , but for everyone who has been underestimated and held back from equality. It's men and women fighting for gender equality.","He agrees that Olivia deserves to be equal to him, such a feminist he is.",1,1,womenlover101,,
298,2018-04-30,Josh: I'm going to a feminist rally; Amanda: what's feminism? Josh: supporters of equality based on gender,"Feminism is the act of wanting / supporting women. Feminism oppes for equal pay, equal respect, no sexual assault tolerance etc. if you agree in any of these... believe it or not your probably a feminist. Many people believe that feminist are just a bunch of man hating women however they word feminist is misunderstood. They are just people who believe in equality as any other descent person should. Ps: men can be feminist too!! üòã",1,1,Yo-yo lit and savage,,
299,2019-06-09,"A person who believes in the political, economic, and social equality of the sexes.","Karen: ""If you're a feminist then why do you hate men?!"" An intellectual: ""I don't.""",1,1,I couldn‚Äôt choose a name,,
300,2017-03-06,A Dumb Bitch.,She is a dumb bitch which is a feminists.,3,7,feminists hater,,
301,2017-02-28,"A person, not always of the female gender, who believes in EQUALITY between men and women. Sadly, a lot of people mistake them for being feminazis, or people ( once again not always girls ) that believe women are better than men, and they deserve to die.",Feminist: I think that men and women should be treated and respected the same. Femanazi: WHAT?!?! BUT MEN ARE PIGS WHO ARE USLESS AND DESERVE TO BURN IN THE PITS OF HELL!!!,3,7,Spicy bleach,,
302,2006-08-18,There are two types of feminist's 1) Someone who believes in equal rights and values for both genders. 2) Someone who believes in equal rights but still want men to do most of the work.,1. She wants equal rights and shares the responsibilitys of men that feminist is awesome. 2.Guy: She talked about equal rights then said i should pay for everything because im the man. Guy2: That was a bitch feminist mate.,94,494,James Haig,,
303,2016-04-07,"A smart person who knows what they're talking about. Feminists believe that all people deserve equal rights and equal treatment. They go against body and weight shaming and believe everyone is beautiful in their own way. Feminists are not just for woman's rights as believed by most people but are for the rights of all races from African American to Spanish, Caucasian, Asian and more. Also feminists respect non binary and binary people's pronouns ((he/she/them/they/it etc.)) . Also feminist are the ones who fight for gay, lesbian, pan, trans and so on's rights BUT that does not automatically mean all feminists are gay or pan or even a woman!! You can be classified as a feminist if you are boy, girl, or neither !!!! That's what's great!",Feminist: I fight for equality not just for woman but for everyone! That's what makes me a feminist!,4,11,Regionalatbest,,
304,2009-02-03,"a woman who, due to being deeply ashamed of her inability to make a good sandwich, tries to rationalize other reasons for having worth.....",Kate thought about killing herself after her husband told her she was crap in the kitchen... but then she just became a feminist instead,82,434,mickyjack,,
305,2017-11-16,"Meny people have different views on this, but this is my view of what a feminist is. A feminist is a person who believes in gender equality plain and simple not that one is better than the other but instead equal to one another.",I am a female and a feminist.,2,4,Edwards929,,
306,2016-10-24,Type of cancer.,She's a feminist because she hate mens,2,4,KILLMEH14,,
307,2018-11-17,"A true feminist is someone who is actively campaigning for men's and women's equality and rights so that both genders are treated the exact same, with respect. Despite popular belief, a feminist IS NOT someone who tries to tear down men and make women superior, nor visa versa. A feminist can be a man or a women. It does not make them less of a person based on their views.","Last week I saw a feminist campaigning for the gender pay cut to be abolished. I am a feminist raising the issue of men and boys being peer pressured into acting hard and showing no emotions, I find this concerning for young men's metal health!",2,4,The meaning,,
308,2016-04-04,"A person, typically a woman, who claims to support equal rights regarding sex and gender but are actually battling each other for the title of 'Most Opressed'. Someone who wishes to get rid of things that offend or trigger them, instead of realizing not everyone is going to be nice to you or have the same views. Feminists often advocate for minorities because they consider themselves to be involved in this group even if they are a wealthy white woman. They chant about respect towards black people, people within the lgbtq community (specifically variations of transgender and/or queer people), and all other races/genders/sexualities. But because of the display in which they show support, they hurt the validity and/or reputation of the groups they try to defend. Especially when they speak of a group they know little to nothing about or have no personal experience with. BUT ITS OKAY BECAUSE WOMEN ARE TOTALLY OPRESSED TOO IN MODERN DAY AMERICA !!",Young misguided feminist: There are so many things I want to do with my life that I can't because I'm oppressed every day by lack of non-sexual female representation in video games and the patriarchy. I'm totally not just limiting myself based on an ideology that has no place in the western world because everyone on tumblr agrees with me !,2,4,nervousyounginhuman,,
309,2018-07-14,The cum shot that should Of been swallowed,Your the cumshot I should of swollowed. Feminist is a crazy bitch that if you say your hugh mungus it will be classified as (sexual assault),2,4,Long schlong,,
310,2019-03-04,"A feminist is a woman who fights for equal rights for bolths genders. Most feminists are not popular in today's culture due to the idea that they are hipacrites or are going against the laws of nature. But that is not true, feminists want are equal pay for both sex's because statistics show for every dollar a man makes a woman earns 75 cents. feminists fight for equal rights because if you ask any girl you know, you daughter wife or mother, they will tell you they have been sexually harassed a least once. That includes being cat called on the street or being physically touched or mocked. Popular opinion often brings feminists down. People tell you feminism is wrong or feminists are sexist against men, it's not true, but what they don't tell you is that females are constantly treated unjustly due to there sex. People will try to keep that part hidden because they know it's wrong to be unjust against woman but they do it anyway. There is nothing wrong with wanting equal rights but people will blow it way out of proportion saying females and sometimes men will become feminists because they are weak, or peer pressure. it's not true. All feminists want are to be equally treated threw the good and the bad things. Feminists know that not every male is bad or did something, but feminists aren't fighting against men, they are fighting for equal rights. Feminism is about giving equal choice. It's about liberation and equality.","I did t know Sara was a feminist, that's great!!!!",2,4,Ollie08,,
311,2010-06-22,One who needs to stfu and go make me a sandwich,Feminist: RESPECT ME! Real Man: HAHAHAHA,78,428,Da Man Joe,,
312,2004-08-31,"1) n. A person who supports female equality. Few understand that by helping some sexist men without anger towards them, leads to a better society. The person with this attitude has the right idea. 2) adj. Has potential to be a bitch; The slightly less intellegent sister of the feminist who refuses to shave, wants pure equality and yet still expects the male to pay for her meals, open doors, etc... More than often ""feminazis"" are found at colleges harrasing men, and/or not shaving to completely destroy diversity. Many Women get confused on the matter and point out nearly ever male as a threat to the female, and constantly believe all they want is sex, without realizing the natural behavior some men go through. See bitch","The feminists were aiding the help of one confused man who was naturally too horny for society, while the feminazis bitched and complained over made up inequalities on campus.
",103,588,Job White,,
313,2006-08-28,"there are two types of femanists 1. a woman who believes in equal opportunity for men and women to thrive in the workplace and for other such good causes as right to choose and stopping domestic violence. they realize that women have come a long way in the past 30 years, and that now it is their job to wipe out such blemishes as wife-beating lowlife scum, or sister-fucking, Jesus-sucking rednecks who think that all we need to do is fuck to procreate, and then die. these are the good type of feminists. they dont need to belong to a femi-religious cult to be feminists, just donate a couple of bucks here and there. 2. the crazy assed feminazi cunt-dykes who have been done wrong by men, and can't seem to get out of the seventies. their visions of equality is a female dominated world in which men are used for fucking and lifting. they whine that men have better jobs than them just cuz there husband can't perform good enough in bed. they think that housewifes are man dominated scum that need to be liberated, not that a housewife is just as important to a family as a working mom and that when a woman wants to feel sexy, she should not be permitted to do so. they are not for female rights as much as they are for there woman dominated world","feminist #1: i feel feminism is a woman's right to choose, and if a woman wants to be a housewife, let her! Feminist #2: Housewifes are just man robots, and need to be freed, lets get out the bra burning machine again! were taking this shit '76 style!",91,527,12345432112345,,
314,2008-11-30,"far too often mistaken for the angry ignorant women that think they are superior to men and join clubs to complain. this is DUMB, and shameful. A true feminist takes on this title in an individualistic method. Sexism is a very interesting concept, and can NOT be blamed on men for it is the outcome of an unfair history. Things have come VERY far, and this is something to be very happy about. Modern sexism should be thought about in depth before any man or woman decides to become a feminist. The modern feminist believes in equality, which is OBVIOUS, but mainly respect. Woman are far too often not taken as seriously as men,(by both sexes), and examples of this can be found countless times in everyday life if you look for it. If you want to be feminist, don't be annoying, and PLEASE DO NOT say your feminist and then expect guys to carry your stuff/give you their coat/pay for everything/etc. It's hypocritical. Just respect yourself and expect respect from others as a human being, not an object, and not a hysterical emotional monster.","BAD feminist: ""BLAH BLAH WHINE BALH MEN SUCK! BLAH 75% OF PAY BLAH...pay for my dinner!"" GOOD feminist:""_______."" (doesn't have to say anything. Understands prejudices, and fights them by living his or her life without them.)",83,487,Himag,,
315,2009-03-16,A woman who doesn't shave her armpits.,My girlfriend is turning into a feminist!,68,416,ramifromsomewhere2,,
316,2017-08-01,someone who is mentally retarded,look at that feminist; god she is a feminist,2,5,Weedankers,,
317,2011-07-24,"A word that you'll get ten different definitions for if you ask ten different people to define it. Most likely, each person will be 100% sure theirs is the ""one true definition,"" and that all all other definitions are false.",Marcie: Vicky asked me whether or not I'm a feminist. Kyle: What did you say? Marcie: I asked her which definition of feminist she was using. There are millions of them.,60,409,Simple_As_Sun,,
318,2008-09-25,A girl who doesn't give blowjobs,That chick is such a feminist. She wouldn't even blow me a little before we banged.,85,653,ibman67,,
319,2017-10-02,a feminist is a person who hates men.,"boy ""did you hear the feminist"" girl ""no""",3,11,aragorn son of arathorn,,
320,2017-08-28,satans spawn,this person is a feminist,2,6,Feminist_killer,,
321,2016-02-04,An angry female with low self esteem and hairy legs who believes men to be superior and desires equality.,"Elizabeth hates men, razors and humour and is indeed a feminist.",2,6,MCRR,,
322,2013-11-03,someone who believes the radical notion that women are people.,"if you believe that women and men should have equal rights, you are a feminist. there's nothing ""extreme"" about it.",38,288,wolf15668,,
323,2018-09-26,A dumbass,"I'm a feminist and I'm proud! ""Yeah but you're also retarded...""",1,2,BigMancini,,
324,2017-07-18,"A person that fights for female rights; fem = female; ist = rights activist 2. used for females that ruin the reputation of the word, these females can fit in the following stereotypes * hates men * gets TRIGGERED over small things. * hates white people * calls white males CIS white SCUM","1. I fight for female rights so I consider myself a feminist 2. feminist: whats your name? guy: Hugh Mungus. feminist (TRIGGERED) SEXUAL ABUSE! youtuber commenting: look at that feminist, being triggered.",1,2,goanna678,,
325,2017-12-27,A feminist is a any body who believes in equality for all sexes,Being a feminist gives you a better outlook on life.,1,2,Candy121,,
326,2017-11-05,"Used to describe someone who is a radical leftist by someone who has a large lack of understanding of what leftism or politics is in general, usually 12-15 years old.",My English teacher gave us a lecture on white male privilege today. She's such a feminist!,1,2,bigheadu,,
327,2018-04-18,"A person who believes in equality for both men and women. Usually a women. Men will usually say that a feminist is someone who is a lesbian with short hair and low standards m, but reality is that men can also be femisnist. A feminist believes no gender is more superior than another","Uncultured Swine- look at Sally over there, she's such a feminist; Random Guy- she literally just wants equality pay, dude.",1,2,ImaGayyWooo,,
328,2019-01-05,Although many seem to believe that feminists are insane men haters that is simply not true. Feminists are people (men included) who believe women should be treated as equals. The crazy men haters people speak of are sexist women.,I am a feminist and there's nothing wrong with that.,1,2,Evil is a social construct,,
329,2020-02-22,Depends on the context. usually feminism means that women want to be better then men. However the real meaning is that both women and men wanna be equal,Ooh look a feminist is spouting nonsensical things about men; Look there is a feminist parade. Lets join in because everyone wants gender equality,1,2,A male human,,
330,2019-01-02,"a person, regardless of gender or sex, who believes in and supports equal rights for people of all genders. despite the widespread idea that feminism is about women's rights, it is really about equity as opposed to equality. Therefore, all people can be feminists by supporting rights and bringing people to an equal level.",both men and women can be proud feminists and know that they are doing good for the world and themselves,2,8,Heather and Liz,,
331,2017-02-05,"A person who sees women and men as equals (which is good), BUT a small percent of feminists are creations made by satan who are here to torture our existence and drive the human race mad.","Me: I play in a men's soccer league. Satan's creation: how dare YOU, you sexist peace of crap! Women's rights is a big problem in America and you should never... Me: (Why me god, why did you have to send a feminist to me.)",2,9,smartasian32,,
332,2018-05-17,Feminist is woman who knows she's better than a man. Feminism is a quality that only superior women possess. Anyone who understands that women are superior to men possess that special quality and therefore can be classified as feminist.,She's too good for you - she's a feminist; She doesn't give a fuck - she's a feminist,2,9,Boppin Bitch,,
333,2018-02-03,"Someone who believes that both genders should be equal. That's it. Feminists do not think they are better than men. That is a misandrist. Feminists believe that men and women have their own obstacles, some that are limited to gender. For example, it is a common misconception that guys cannot be raped. They can. It is also recognising the fact that women do get payed less because of their natural role in nature (pregnancy)which can often be interpretted as weakness. This is not right. Feminists are men and women who believe that one shouldn't be judged by their gender and that everyone, regardless of their gender can be themselves, be safe and express their emotions and opinions as they please. Misandry is not a characteristic of a feminist. It is another branch of sexism which feminism is against. The lie that all feminists are women trying to oppress men needs to stop. A feminist is a believer that men are just as valuable as women in society and vice versa. Nothing more.",I am a feminist because I want every gender to be equal.,1,3,Anonymous_626,,
334,2020-01-08,Generally a good hearted person believing in gender equality. Not to be confused with feminazi,Man: ah I see you are a feminist as well unlike this stupid feminazis,1,3,The_real_Napalm,,
335,2017-06-18,A member of a political movement for the advocation and advancement of women's rights and privileges.,"A Feminist march was started yesterday, protesting the lack of women in high level politics and business.",1,3,Lunacorva,,
336,2019-06-05,"A person, man or woman, who stands for the social political and economic equality of the sexes. They believe that men and women should be treated as equal human beings. Someone who identifies themselves as a feminist is someone of great courage, since the stereotype of this word has been twisted into something of opposite meaning. Small minded people believe feminism is only about advocating for women's rights over mens, or ""to find fault in everything a male does whilst believing all females can do no wrong"". This definition is only applied to 'Radical Feminists' who have a far different objective and do not stand for feminism. People are so angry to have a movement for the equality in the sexes that they redefined the word to have a terrible meaning that few truly believe.","Carmen went to the Pro-Choice March this Saturday, and she also went to the Awareness for Toxic Masculinity March as well, she must be a feminist. ""Of course she is! She advocates for rights in both sexes. The right for the freedom to a women's body and the awareness to the mentally straining stereotypes enforced on men.""",1,3,Katrina Mary,,
337,2017-11-23,A feminist is a person who believes all genders should be treated equally.,Tim was a feminist because women get 75 cents to every dollar a man gets.,1,3,Yiztu,,
338,2018-03-29,"A feminist is a person who believes that both misandry and misogyny are bad. Feminism is a movement that started in the 1960s and has continued into the modern world. Feminists are often misconstrued as 'man-haters', 'bitches' and 'women supremacists', however, these perspectives are formed in the minds of people who were misguided into believing that feminists are fascists. Feminism in its true form is a fight for equality and respect. Women and Men are different, but when doing the same jobs, putting in the same effort, there is no reason for there to be women being paid 70% of what men get in the workplace.","For those who were raised to believe that people who are feminists are evil or terrible people, simply google 'Mouvement de lib√©ration des femmes' - it was the peaceful protest of feminists in 1970s France. They were a group of feminists who fought for equality in the world. They broke the mould of women being the homemakers, of their destiny being 'to get married and have children'. List of true Feminists: Michelle Obama, Ellen Degeneres, Neil Patrick Harris, All of the Suffragettes, Simone de Beauvoir, Eleanor Roosevelt, Mark Ruffalo, Ashton Kutcher, Ryan Gosling, Harry Styles, Andy Samberg, ",1,3,Alaric47,,
339,2018-12-15,"An anagram for ""I fist men"" hence the logo being a fist through a hole","The patriarchy says men are givers, not receivers, but I'm a feminist and I say otherwise.",1,3,UpDoor,,
340,2020-09-03,"all the definitions here are absolute fucking bullshit. a feminist is a person who believes women and men should have equal rights. that's literally it. all the people writing definitions on this page are pissbabies who think women only exist to have sex with them, and now they're fucked off that people are actively taking a stand against that because it means they can't openly objectify women's bodies anymore.","person: yeah, i'm a feminist! i think women and men should have equal rights - some random guy: WHEN WILL THIS MISANDRY END???? FEMINISTS ARE SO SEXIST AHAHAHAHA MAKE ME A SANDWICH",1,3,lydia grace,,
341,2019-05-31,"A person who believes in the political, social, economic, and personal equality of the sexes.",I am a feminist because I don't want to live like I'm in A Handmaid's Tale.,1,3,jabberbox1234,,
342,2020-04-13,"A person of any gender, who chooses to believe men are equal to women and women should have as much choice as a man has.",I am a feminist because men shouldn't be allowed to treat women disrespectfully and abuse against men shouldn't be dismissed,1,3,Votechange,,
343,2019-03-07,"A woman or man who believes it should be equal rights for both gender. That nether gender should have special treatment or be treated any differently because of there gender and that a woman should not be sexualized and thought of as property to a man. Women should not be thought of as a ""slut"" or a ""hoe"" just because she is wearing a tight top and shorts, no means no and men and women need to understand that rape is not okay, and feminist (men and women) are trying to stop it and make the world a better place where everyone has equal rights.","Dan- ""omg I heard that girls a feminist lol"" Rob- ""ya same. Yanno I'm a feminist?"" Dan- ""guys can't be feminists, that just means you hate men"" Rob- ""hell ya I can be a feminist. It dose not mean I hate men, I just believe in equal rights""",1,3,Feminisity101,,
344,2018-01-13,"someone, of either gender, who believes that men can express emotion and women can work in ""masculine"" jobs for equal pay. Non-feminist parent:""stop being a girl, boys dont cry""","son: "" she broke my heart dude""",1,3,wigglemytoesinthecushion,,
345,2013-02-28,"Generally a woman (though not always), who acts as an activist for Women's rights. There are three general types of feminists: Liberal, Socialist, and Radical Feminism. Liberal Feminists generally garner the most support, and attempt to rectify injustices suffered by women through conventional means. Socialist Feminists are a more radical form of liberal feminist that believe only a Socialist/Communist/Marxist revolution can truly stop gender inequality. Radical Feminists are extremely left wing, believing that only that the universal, surgical elimination of gender may bring about gender equality. Disclaimer: I am neither a female nor a feminist, simply someone wanting to give an unbiased definition of a word with a lot of exaggeration on both sides of the fence.","Liberal Feminist: Jenny, a liberal feminist, proudly supports her cause and frequently goes to rallies and protests. Socialist Feminist: ""DOWN WITH THE CAPITALIST EXPLOITATION OF WOMEN!"" Shouts Molly, a Socialist Feminist. Radical Feminist: ""Only through the surgical elimination of gender and the destruction of motherhood can all people be truly equal!"", says Paula, a Radical Feminist.",22,231,TheGrammargestapo,,
346,2014-12-28,"A person who believes in the social, political, and economical equality of the sexes. A feminist can be either a man or woman.",I am a feminist because I believe men and women should be equal,19,266,giraffe112,,
347,2015-11-02,"( Noun) Someone who believes that all genders are equal and that all genders should be treated the same as any other gender. (this includes transgender, Cisgender, Agender,gender fluid, ect.",I am a feminist.,9,110,BrokenGlass88,,
348,2018-12-15,"An anagram for ""I fist men"" hence the logo of a fist through a hole","The patriarchy says men are givers, not receivers, but I'm a feminist and I say otherwise",1,5,UpDoor,,
349,2017-12-10,"A person who subscribes to the horrid belief that women are human beings who deserve to be treated with respect and dignity, rather than gold-digging sluts, crazy bitches, harpy shrews, attention-seeking whores and vindictive liars who deserve to be insulted, degraded, ridiculed, abused, beaten, raped and murdered on a daily basis for the crime of having a vagina.","As the old feminist saying goes, ""If we get raped, it's our fault. If we get bashed, we must have provoked it. And if we raise our voices, we're nagging bitches.""",3,30,qbdkusoemv,,
350,2015-07-13,Being a feminist is when a woman being confident in who she is and doesn't need a mans opinion to justify between where she belongs. She is powerful and strong and believes that she is as equal as any man!,"Women are as equal as men, if this makes me a feminist so be it!",13,204,The Joker,,
351,2014-10-19,An individual who dares to support and/or advocate for gender equality.,Did you see that feminist over there? They think that people should be equal! How...how... scandalous!,15,271,Fish-k,,
352,2013-06-12,1 - Definition : A Feminist is a person that Believes in equal gender rights and it is the act of treating man and women as equals on everyday life. Most people are by definition feminists (in contrary to their own belief). 2 - Political Stance : People that refer to themselves as feminists because they think that women are oppressed and treated worse compared to men. Most people that refer to themselves as feminists in the western world are the exact opposite of the word feminist because they believe woman are oppressed or because they treat men different from women (henceforth their political agenda to improve women rights). Yes. The Political Stance on improving women rights that is called feminism (2) is technically anti-feministic (1) because it states that woman are treated unequal and because the stanceholder treats woman and man differently from eachother.,"(most likely a feminist) : ""I hate feminism because their all a bunch of man-hating dykes."" (anti-feminist) : ""Everybody hates me because I am a woman.""",15,281,Actual Interpretation,,
353,2015-03-07,"Someone who thinks logically about men and women having equal rights and women being treated as equals. Not to be confused with ""feminazi""",I'm a feminist but that doesn't mean I hate men,14,270,NuclearMuffinz,,
354,2015-05-25,"A feminist is a person who believes in equality for all, including race, sex, and gender. Their main focus is to raise women's rights, although it is equality. They also wish for people to express themselves with campaigns abolishing 'slut-shaming', the societal rejection of traditionally feminine clothing and/or emotional states shown on/by men, the female nipple ban on Instagram and other social media, and clothing/dress codes, to list several examples. They mostly are opposed to the ideology of a central patriarchy, but do not wish for there to be misandry OR misogyny.","The patriarchal society is inclusive to people largely rejecting ideas of traditionally feminine items of clothing on men, but feminists call an end to that.",11,209,elsewhereinabox,,
355,2015-07-18,"a person who believes in the social, political and economic equality of the sexes","(1) = Im a feminist, because i beleave that we are all equal! (2) = Okay? Who the fuck are you...",10,208,young east african girl,,
356,2020-08-24,A person of any gender who believes that any gender should display feminine traits and not be shamed for it.,We believe in feminist rights.,0,1,ReindeerFloattilla,,
357,2020-11-10,A person who simply seek for equal rights.,"So...Equal rights, equal fights. If a girl ever punched you, you gotta return it. If you ever heard anyone boasting about ""be a gentleman"", ""ladies first"" or anything female privileged, punch them and run, don't hesitate. John: Damn you punched her jaw off? Damn, you're a freakin' feminists bro.",0,0,KazumaKONOSUBA,,
358,2020-07-22,a person who supports feminism,"mason: i support women and all but like can't only women be feminists; a feminist: actually anyone can be a feminist it's about supporting women and wanting to be treated the same as a man and get everything a man gets for example equal pay, and the choice to do what we want with our bodies with out getting bashed on it by straight white men and Karens",0,5,badbitty420,,
359,2020-11-15,"A person who works and supports equal gender rights. No matter the gender, they believe all gender is equal and none should be treated as inferior. They support women's rights in making the world a gender equal place.","I'm a feminist, I support equal rights!",0,0,ari loves booty,,
360,2020-04-17,Social and political movements and ideologies that want to achieve equality for ALL sexes. Real feminists don't hate men,"Madison Beer is an open feminist, but you wouldn't hate on her because she is Madison Beer.",0,0,thanksforcomingtomytedtalk,,
361,2020-04-14,Someone who believes in the equality of the sexes,Barack Obama is a feminist,0,0,TooLesbianToFunction,,
362,2020-09-22,"A female who tries to tell you that females have historically faced more atrocities than males is plain full of shit, and has her own interests and self promotion in mind, not that of humanity. A female that thinks males haven't been butchered, beheaded, drawn and quartered, hanged, racked, boiled alive, sawed in half, burned alive, crucified, raped, tortured, or filled mass graves like numbers in the same numbers or many times higher numbers has forgotten history. Saying that males are oppressed, but females have been more oppressed is about the same thing, except it eliminates being held accountable for what she said about females having it worse throughout history (somebody letting her know she's full of shit) and still focusing attention on herself. Males lead violent, atrocious lives and it's never been a big deal, females have been more sheltered from it than any group throughout history, so that when atrocities do happen to females, the world stops to pay attention for some reason. It's rare to find a female child that got ass whoopings throughout her childhood from an authority figure, since nobody is more sheltered by and from authority figures and authoritarian values than females. Females who think their lives or childhoods were harder than their male counterparts because they can have children have forgotten what childhood was like, and have never really given much thought to the matter, they have their own interest in mind.","The girl didn't really have feminist interests, human interests, or any other interests than her own in mind with what she was trying to sell. She just told people she did.",0,1,Toejam Sr.,,
363,2020-11-30,A dumass women who thinks she knows everything but just wants more money,"All women are feminist and must stand up! ""Man, that sucks but I don't remember asking""",0,1,FlimFlop,,